"STATION","DATE","LATITUDE","LONGITUDE","ELEVATION","NAME","TEMP","TEMP_ATTRIBUTES","DEWP","DEWP_ATTRIBUTES","SLP","SLP_ATTRIBUTES","STP","STP_ATTRIBUTES","VISIB","VISIB_ATTRIBUTES","WDSP","WDSP_ATTRIBUTES","MXSPD","GUST","MAX","MAX_ATTRIBUTES","MIN","MIN_ATTRIBUTES","PRCP","PRCP_ATTRIBUTES","SNDP","FRSHTT"
"48855099999","2015-01-01","16.043917","108.19937","10.05","DANANG INTERNATIONAL, VM","  70.6","24","  61.0","24","9999.9"," 0","999.9"," 0","  4.3","24","  4.9","24"," 11.1","999.9","  76.8"," ","  64.4","*"," 0.11","G","999.9","010000"
"48855099999","2015-01-02","16.043917","108.19937","10.05","DANANG INTERNATIONAL, VM","  70.3","24","  64.6","24","9999.9"," 0","999.9"," 0","  3.1","24","  4.3","24","  9.9","999.9","  76.5"," ","  68.0"," "," 0.09","G","999.9","010000"
"48855099999","2015-01-03","16.043917","108.19937","10.05","DANANG INTERNATIONAL, VM","  70.3","24","  65.3","24","9999.9"," 0","999.9"," 0","  3.6","24","  2.6","24","  7.0","999.9","  74.3"," ","  68.0","*"," 0.02","G","999.9","010000"
"48855099999","2015-01-04","16.043917","108.19937","10.05","DANANG INTERNATIONAL, VM","  72.6","24","  66.3","24","9999.9"," 0","999.9"," 0","  4.3","24","  2.4","24","  6.0","999.9","  80.6","*","  66.2","*"," 0.00","G","999.9","000000"
"48855099999","2015-01-05","16.043917","108.19937","10.05","DANANG INTERNATIONAL, VM","  75.5","24","  69.0","24","9999.9"," 0","999.9"," 0","  4.9","24","  3.0","24"," 11.1","999.9","  82.4"," ","  67.6"," "," 0.00","G","999.9","000000"
"48855099999","2015-01-06","16.043917","108.19937","10.05","DANANG INTERNATIONAL, VM","  77.0","24","  71.4","24","9999.9"," 0","999.9"," 0","  4.9","24","  4.2","24","  8.0","999.9","  82.4","*","  71.6","*"," 0.00","G","999.9","000000"
"48855099999","2015-01-07","16.043917","108.19937","10.05","DANANG INTERNATIONAL, VM","  74.5","24","  68.8","24","9999.9"," 0","999.9"," 0","  4.4","24","  3.9","24","  8.0"," 18.1","  77.9"," ","  71.6","*"," 0.04","G","999.9","010000"
"48855099999","2015-01-08","16.043917","108.19937","10.05","DANANG INTERNATIONAL, VM","  74.0","24","  65.7","24","9999.9"," 0","999.9"," 0","  3.7","24","  8.6","24"," 12.0","999.9","  75.2","*","  71.6","*"," 0.00","G","999.9","010000"
"48855099999","2015-01-09","16.043917","108.19937","10.05","DANANG INTERNATIONAL, VM","  73.1","23","  65.1","23","1018.5"," 5","017.7"," 5","  4.3","23","  6.7","23"," 11.1","999.9","  77.7"," ","  71.6","*"," 0.00","G","999.9","010000"
"48855099999","2015-01-10","16.043917","108.19937","10.05","DANANG INTERNATIONAL, VM","  66.9","24","  60.4","24","9999.9"," 0","999.9"," 0","  5.3","24","  4.2","24","  9.9","999.9","  73.8"," ","  64.4","*"," 0.14","G","999.9","010000"
"48855099999","2015-01-11","16.043917","108.19937","10.05","DANANG INTERNATIONAL, VM","  68.3","24","  57.8","24","9999.9"," 0","999.9"," 0","  6.2","24","  5.1","24"," 11.1","999.9","  74.1"," ","  65.3"," "," 0.02","G","999.9","000000"
"48855099999","2015-01-12","16.043917","108.19937","10.05","DANANG INTERNATIONAL, VM","  68.1","24","  56.4","24","9999.9"," 0","999.9"," 0","  6.2","24","  8.0","24"," 13.0","999.9","  74.3"," ","  65.8"," "," 0.00","G","999.9","000000"
"48855099999","2015-01-13","16.043917","108.19937","10.05","DANANG INTERNATIONAL, VM","  66.2","24","  54.8","24","9999.9"," 0","999.9"," 0","  5.5","24","  5.5","24"," 11.1","999.9","  73.2"," ","  60.8","*"," 0.00","G","999.9","000000"
"48855099999","2015-01-14","16.043917","108.19937","10.05","DANANG INTERNATIONAL, VM","  66.4","24","  56.6","24","9999.9"," 0","999.9"," 0","  5.6","24","  5.2","24"," 14.0","999.9","  73.8"," ","  61.3"," "," 0.00","G","999.9","000000"
"48855099999","2015-01-15","16.043917","108.19937","10.05","DANANG INTERNATIONAL, VM","  67.0","24","  55.0","24","9999.9"," 0","999.9"," 0","  5.2","24","  3.4","24","  9.9","999.9","  75.0"," ","  60.8","*"," 0.00","G","999.9","000000"
"48855099999","2015-01-16","16.043917","108.19937","10.05","DANANG INTERNATIONAL, VM","  68.3","24","  55.5","24","9999.9"," 0","999.9"," 0","  4.6","24","  3.3","24"," 11.1","999.9","  77.0","*","  62.6"," "," 0.00","G","999.9","010000"
"48855099999","2015-01-17","16.043917","108.19937","10.05","DANANG INTERNATIONAL, VM","  66.3","24","  63.4","24","9999.9"," 0","999.9"," 0","  3.0","24","  5.0","24","  9.9","999.9","  71.6"," ","  64.4","*"," 0.12","G","999.9","010000"
"48855099999","2015-01-18","16.043917","108.19937","10.05","DANANG INTERNATIONAL, VM","  69.1","24","  62.3","24","9999.9"," 0","999.9"," 0","  3.7","24","  6.0","24","  9.9","999.9","  74.3"," ","  64.9"," "," 0.37","G","999.9","010000"
"48855099999","2015-01-19","16.043917","108.19937","10.05","DANANG INTERNATIONAL, VM","  67.9","24","  60.1","24","9999.9"," 0","999.9"," 0","  3.6","24","  2.8","24","  7.0","999.9","  73.6"," ","  62.6","*"," 0.02","G","999.9","010000"
"48855099999","2015-01-20","16.043917","108.19937","10.05","DANANG INTERNATIONAL, VM","  67.5","24","  60.0","24","9999.9"," 0","999.9"," 0","  3.0","24","  4.3","24"," 13.0","999.9","  76.5"," ","  60.8","*"," 0.00","G","999.9","000000"
"48855099999","2015-01-21","16.043917","108.19937","10.05","DANANG INTERNATIONAL, VM","  68.4","24","  60.8","24","9999.9"," 0","999.9"," 0","  3.2","24","  5.2","24"," 17.1","999.9","  77.5"," ","  60.8"," "," 0.00","G","999.9","000000"
"48855099999","2015-01-22","16.043917","108.19937","10.05","DANANG INTERNATIONAL, VM","  68.0","24","  59.5","24","9999.9"," 0","999.9"," 0","  3.3","24","  4.5","24"," 13.0","999.9","  77.5"," ","  59.0","*"," 0.00","G","999.9","000000"
"48855099999","2015-01-23","16.043917","108.19937","10.05","DANANG INTERNATIONAL, VM","  69.0","24","  59.2","24","9999.9"," 0","999.9"," 0","  3.3","24","  3.1","24","  8.9","999.9","  77.9"," ","  59.0"," "," 0.00","G","999.9","000000"
"48855099999","2015-01-24","16.043917","108.19937","10.05","DANANG INTERNATIONAL, VM","  69.5","24","  61.0","24","9999.9"," 0","999.9"," 0","  3.2","24","  3.4","24","  9.9","999.9","  78.8","*","  61.9"," "," 0.00","G","999.9","000000"
"48855099999","2015-01-25","16.043917","108.19937","10.05","DANANG INTERNATIONAL, VM","  69.9","24","  62.2","24","9999.9"," 0","999.9"," 0","  3.1","24","  2.9","24","  8.0","999.9","  78.8"," ","  60.8","*"," 0.00","G","999.9","000000"
"48855099999","2015-01-26","16.043917","108.19937","10.05","DANANG INTERNATIONAL, VM","  69.6","24","  62.5","24","9999.9"," 0","999.9"," 0","  3.5","24","  2.6","24","  7.0","999.9","  79.2"," ","  60.8","*"," 0.00","G","999.9","000000"
"48855099999","2015-01-27","16.043917","108.19937","10.05","DANANG INTERNATIONAL, VM","  70.6","24","  63.2","24","9999.9"," 0","999.9"," 0","  3.9","24","  3.5","24","  8.9","999.9","  80.6","*","  60.8","*"," 0.00","G","999.9","000000"
"48855099999","2015-01-28","16.043917","108.19937","10.05","DANANG INTERNATIONAL, VM","  70.8","24","  62.7","24","9999.9"," 0","999.9"," 0","  4.0","24","  3.5","24"," 11.1","999.9","  80.6","*","  62.6"," "," 0.00","G","999.9","000000"
"48855099999","2015-01-29","16.043917","108.19937","10.05","DANANG INTERNATIONAL, VM","  72.7","24","  63.8","24","9999.9"," 0","999.9"," 0","  4.2","24","  3.0","24"," 11.1","999.9","  80.6","*","  62.1"," "," 0.00","G","999.9","000000"
"48855099999","2015-01-30","16.043917","108.19937","10.05","DANANG INTERNATIONAL, VM","  72.9","24","  64.0","24","9999.9"," 0","999.9"," 0","  4.3","24","  3.1","24","  8.9","999.9","  79.7"," ","  65.7"," "," 0.00","G","999.9","010000"
"48855099999","2015-01-31","16.043917","108.19937","10.05","DANANG INTERNATIONAL, VM","  73.4","24","  64.1","24","9999.9"," 0","999.9"," 0","  4.2","24","  7.0","24"," 11.1","999.9","  77.7"," ","  68.9"," "," 0.00","G","999.9","010000"
"48855099999","2015-02-01","16.043917","108.19937","10.05","DANANG INTERNATIONAL, VM","  73.3","24","  65.8","24","9999.9"," 0","999.9"," 0","  3.1","24","  7.8","24"," 12.0","999.9","  79.0"," ","  69.8","*"," 0.00","G","999.9","010000"
"48855099999","2015-02-02","16.043917","108.19937","10.05","DANANG INTERNATIONAL, VM","  74.0","24","  66.9","24","9999.9"," 0","999.9"," 0","  3.9","24","  6.8","24"," 12.0","999.9","  79.2"," ","  71.6"," "," 0.00","G","999.9","010000"
"48855099999","2015-02-03","16.043917","108.19937","10.05","DANANG INTERNATIONAL, VM","  73.9","24","  67.5","24","9999.9"," 0","999.9"," 0","  6.0","24","  4.7","24","  9.9","999.9","  79.5"," ","  68.7","*"," 0.00","G","999.9","010000"
"48855099999","2015-02-04","16.043917","108.19937","10.05","DANANG INTERNATIONAL, VM","  73.1","24","  66.1","24","9999.9"," 0","999.9"," 0","  4.8","24","  4.1","24"," 11.1","999.9","  80.6","*","  66.2","*"," 0.04","G","999.9","000000"
"48855099999","2015-02-05","16.043917","108.19937","10.05","DANANG INTERNATIONAL, VM","  74.0","24","  65.8","24","9999.9"," 0","999.9"," 0","  4.0","24","  6.4","24","  9.9","999.9","  80.6","*","  65.1"," "," 0.03","G","999.9","000000"
"48855099999","2015-02-06","16.043917","108.19937","10.05","DANANG INTERNATIONAL, VM","  68.9","24","  63.6","24","9999.9"," 0","999.9"," 0","  3.9","24","  5.1","24","  9.9","999.9","  75.2","*","  63.3","*"," 0.15","G","999.9","010000"
"48855099999","2015-02-07","16.043917","108.19937","10.05","DANANG INTERNATIONAL, VM","  72.1","24","  65.1","24","9999.9"," 0","999.9"," 0","  3.7","24","  3.8","24","  7.0","999.9","  78.8","*","  62.6"," "," 0.00","G","999.9","010000"
"48855099999","2015-02-08","16.043917","108.19937","10.05","DANANG INTERNATIONAL, VM","  68.9","24","  64.1","24","9999.9"," 0","999.9"," 0","  3.5","24","  5.0","24","  8.9","999.9","  71.6","*","  65.7","*"," 0.07","G","999.9","010000"
"48855099999","2015-02-09","16.043917","108.19937","10.05","DANANG INTERNATIONAL, VM","  69.9","24","  64.2","24","9999.9"," 0","999.9"," 0","  3.3","24","  3.7","24","  8.9","999.9","  75.2","*","  64.4","*"," 0.00","G","999.9","010000"
"48855099999","2015-02-10","16.043917","108.19937","10.05","DANANG INTERNATIONAL, VM","  70.2","24","  63.9","24","9999.9"," 0","999.9"," 0","  3.3","24","  2.9","24","  7.0","999.9","  78.8","*","  62.1","*"," 0.00","G","999.9","000000"
"48855099999","2015-02-11","16.043917","108.19937","10.05","DANANG INTERNATIONAL, VM","  72.8","24","  64.5","24","9999.9"," 0","999.9"," 0","  3.9","24","  3.2","24","  8.9","999.9","  80.6","*","  61.7"," "," 0.00","G","999.9","000000"
"48855099999","2015-02-12","16.043917","108.19937","10.05","DANANG INTERNATIONAL, VM","  73.8","24","  65.3","24","9999.9"," 0","999.9"," 0","  4.0","24","  2.8","24","  8.0","999.9","  80.6","*","  66.2"," "," 0.00","G","999.9","000000"
"48855099999","2015-02-13","16.043917","108.19937","10.05","DANANG INTERNATIONAL, VM","  75.4","24","  67.7","24","9999.9"," 0","999.9"," 0","  3.6","24","  3.9","24","  9.9","999.9","  80.6","*","  65.7"," "," 0.00","G","999.9","000000"
"48855099999","2015-02-14","16.043917","108.19937","10.05","DANANG INTERNATIONAL, VM","  75.6","24","  68.1","24","9999.9"," 0","999.9"," 0","  3.4","24","  4.5","24"," 12.0","999.9","  82.4","*","  69.8","*"," 0.00","G","999.9","000000"
"48855099999","2015-02-15","16.043917","108.19937","10.05","DANANG INTERNATIONAL, VM","  75.0","24","  69.2","24","9999.9"," 0","999.9"," 0","  3.3","24","  3.3","23","  8.9","999.9","  82.4","*","  68.0","*"," 0.00","G","999.9","000000"
"48855099999","2015-02-16","16.043917","108.19937","10.05","DANANG INTERNATIONAL, VM","  74.3","24","  69.3","24","9999.9"," 0","999.9"," 0","  3.3","24","  2.9","23","  8.9","999.9","  82.4","*","  67.1"," "," 0.00","G","999.9","000000"
"48855099999","2015-02-17","16.043917","108.19937","10.05","DANANG INTERNATIONAL, VM","  76.6","24","  70.2","24","9999.9"," 0","999.9"," 0","  3.7","24","  3.9","23","  8.0","999.9","  84.2","*","  67.6"," "," 0.00","G","999.9","010000"
"48855099999","2015-02-18","16.043917","108.19937","10.05","DANANG INTERNATIONAL, VM","  76.9","24","  72.7","24","9999.9"," 0","999.9"," 0","  4.9","24","  4.0","23","  8.0","999.9","  80.6","*","  70.7"," "," 0.16","G","999.9","010000"
"48855099999","2015-02-19","16.043917","108.19937","10.05","DANANG INTERNATIONAL, VM","  76.5","24","  72.1","24","9999.9"," 0","999.9"," 0","  4.7","24","  3.1","24","  8.0","999.9","  80.6","*","  71.6","*"," 0.00","G","999.9","000000"
"48855099999","2015-02-20","16.043917","108.19937","10.05","DANANG INTERNATIONAL, VM","  77.8","24","  71.5","24","9999.9"," 0","999.9"," 0","  4.9","24","  3.4","24","  8.9","999.9","  84.2","*","  70.5"," "," 0.00","G","999.9","010000"
"48855099999","2015-02-21","16.043917","108.19937","10.05","DANANG INTERNATIONAL, VM","  79.2","24","  73.6","24","9999.9"," 0","999.9"," 0","  4.3","24","  4.1","24","  9.9","999.9","  87.8","*","  72.3"," "," 0.00","G","999.9","000000"
"48855099999","2015-02-22","16.043917","108.19937","10.05","DANANG INTERNATIONAL, VM","  78.2","24","  73.8","24","9999.9"," 0","999.9"," 0","  3.8","24","  3.4","23","  9.9","999.9","  86.0","*","  72.7","*"," 0.00","G","999.9","000000"
"48855099999","2015-02-23","16.043917","108.19937","10.05","DANANG INTERNATIONAL, VM","  79.6","24","  73.7","24","9999.9"," 0","999.9"," 0","  5.0","24","  3.9","24"," 12.0","999.9","  89.6","*","  72.3"," "," 0.00","G","999.9","000000"
"48855099999","2015-02-24","16.043917","108.19937","10.05","DANANG INTERNATIONAL, VM","  79.7","24","  73.9","24","9999.9"," 0","999.9"," 0","  5.9","24","  4.4","24","  9.9","999.9","  89.6","*","  71.6"," "," 0.00","G","999.9","010000"
"48855099999","2015-02-25","16.043917","108.19937","10.05","DANANG INTERNATIONAL, VM","  79.3","24","  73.5","24","9999.9"," 0","999.9"," 0","  4.6","24","  4.7","24"," 12.0","999.9","  86.0","*","  72.5"," "," 0.00","G","999.9","000000"
"48855099999","2015-02-26","16.043917","108.19937","10.05","DANANG INTERNATIONAL, VM","  79.3","24","  73.6","24","9999.9"," 0","999.9"," 0","  4.0","24","  4.8","24"," 11.1","999.9","  86.0","*","  72.9","*"," 0.00","G","999.9","010010"
"48855099999","2015-02-27","16.043917","108.19937","10.05","DANANG INTERNATIONAL, VM","  79.4","24","  74.0","24","9999.9"," 0","999.9"," 0","  4.8","24","  4.7","24"," 11.1","999.9","  86.0","*","  71.8"," "," 0.00","G","999.9","000000"
"48855099999","2015-02-28","16.043917","108.19937","10.05","DANANG INTERNATIONAL, VM","  80.6","24","  74.7","24","9999.9"," 0","999.9"," 0","  5.8","24","  5.2","24"," 14.0","999.9","  86.0","*","  72.5"," "," 0.00","G","999.9","000000"
"48855099999","2015-03-01","16.043917","108.19937","10.05","DANANG INTERNATIONAL, VM","  79.5","24","  74.4","24","9999.9"," 0","999.9"," 0","  4.5","24","  4.5","24","  9.9","999.9","  86.0","*","  74.3","*"," 0.00","G","999.9","000000"
"48855099999","2015-03-02","16.043917","108.19937","10.05","DANANG INTERNATIONAL, VM","  78.4","24","  72.8","24","9999.9"," 0","999.9"," 0","  5.4","24","  4.9","22"," 12.0","999.9","  84.2","*","  72.9","*"," 0.00","G","999.9","000000"
"48855099999","2015-03-03","16.043917","108.19937","10.05","DANANG INTERNATIONAL, VM","  79.9","24","  74.6","24","9999.9"," 0","999.9"," 0","  4.0","24","  3.7","23","  8.0","999.9","  86.0","*","  71.4"," "," 0.00","G","999.9","000000"
"48855099999","2015-03-04","16.043917","108.19937","10.05","DANANG INTERNATIONAL, VM","  80.3","24","  75.4","24","9999.9"," 0","999.9"," 0","  3.2","24","  3.3","24","  7.0","999.9","  84.2","*","  74.1"," "," 0.00","G","999.9","000000"
"48855099999","2015-03-05","16.043917","108.19937","10.05","DANANG INTERNATIONAL, VM","  80.1","24","  75.5","24","9999.9"," 0","999.9"," 0","  2.9","24","  4.7","24"," 12.0","999.9","  87.8","*","  74.5","*"," 0.00","G","999.9","000000"
"48855099999","2015-03-06","16.043917","108.19937","10.05","DANANG INTERNATIONAL, VM","  80.3","24","  74.8","24","9999.9"," 0","999.9"," 0","  3.9","24","  4.6","24","  8.9","999.9","  86.0","*","  73.4","*"," 0.00","G","999.9","000000"
"48855099999","2015-03-07","16.043917","108.19937","10.05","DANANG INTERNATIONAL, VM","  80.7","24","  74.2","24","9999.9"," 0","999.9"," 0","  4.3","24","  6.5","24"," 13.0","999.9","  86.0","*","  72.9"," "," 0.00","G","999.9","000000"
"48855099999","2015-03-08","16.043917","108.19937","10.05","DANANG INTERNATIONAL, VM","  79.9","24","  73.4","24","9999.9"," 0","999.9"," 0","  5.1","24","  5.1","24"," 13.0","999.9","  87.8","*","  73.4","*"," 0.00","G","999.9","000000"
"48855099999","2015-03-09","16.043917","108.19937","10.05","DANANG INTERNATIONAL, VM","  81.0","24","  75.2","24","9999.9"," 0","999.9"," 0","  3.9","24","  5.5","24","  8.9","999.9","  86.0","*","  72.5"," "," 0.00","G","999.9","000000"
"48855099999","2015-03-10","16.043917","108.19937","10.05","DANANG INTERNATIONAL, VM","  79.4","24","  71.7","24","9999.9"," 0","999.9"," 0","  5.8","24","  5.5","24"," 14.0","999.9","  86.0","*","  71.6","*"," 0.00","G","999.9","000000"
"48855099999","2015-03-11","16.043917","108.19937","10.05","DANANG INTERNATIONAL, VM","  80.1","24","  71.7","24","9999.9"," 0","999.9"," 0","  5.3","24","  3.8","24"," 11.1","999.9","  87.8","*","  71.4"," "," 0.00","G","999.9","000000"
"48855099999","2015-03-12","16.043917","108.19937","10.05","DANANG INTERNATIONAL, VM","  80.6","24","  73.9","24","9999.9"," 0","999.9"," 0","  4.0","24","  3.8","24","  9.9","999.9","  86.0","*","  72.0"," ","99.99"," ","999.9","010000"
"48855099999","2015-03-13","16.043917","108.19937","10.05","DANANG INTERNATIONAL, VM","  78.7","24","  75.6","24","9999.9"," 0","999.9"," 0","  2.7","24","  3.8","24","  9.9","999.9","  82.4","*","  74.7","*"," 1.30","G","999.9","010000"
"48855099999","2015-03-14","16.043917","108.19937","10.05","DANANG INTERNATIONAL, VM","  81.1","24","  75.5","24","9999.9"," 0","999.9"," 0","  2.9","24","  3.7","24","  9.9","999.9","  87.8","*","  74.5"," "," 0.00","G","999.9","000000"
"48855099999","2015-03-15","16.043917","108.19937","10.05","DANANG INTERNATIONAL, VM","  80.9","24","  74.5","24","9999.9"," 0","999.9"," 0","  3.6","24","  3.8","24"," 11.1","999.9","  87.8","*","  74.3"," "," 0.00","I","999.9","000000"
"48855099999","2015-03-16","16.043917","108.19937","10.05","DANANG INTERNATIONAL, VM","  81.3","24","  75.2","24","9999.9"," 0","999.9"," 0","  3.5","24","  3.7","24"," 11.1","999.9","  89.6","*","  74.7"," "," 0.00","I","999.9","000000"
"48855099999","2015-03-17","16.043917","108.19937","10.05","DANANG INTERNATIONAL, VM","  81.3","24","  75.3","24","9999.9"," 0","999.9"," 0","  3.3","24","  4.0","24","  9.9","999.9","  87.8","*","  75.4"," "," 0.00","I","999.9","000000"
"48855099999","2015-03-18","16.043917","108.19937","10.05","DANANG INTERNATIONAL, VM","  81.2","24","  74.6","24","9999.9"," 0","999.9"," 0","  3.4","24","  3.2","24","  8.0","999.9","  87.8","*","  75.2"," "," 0.00","I","999.9","000000"
"48855099999","2015-03-19","16.043917","108.19937","10.05","DANANG INTERNATIONAL, VM","  80.9","24","  74.8","24","9999.9"," 0","999.9"," 0","  3.2","24","  4.1","24","  8.9","999.9","  89.6","*","  74.1","*"," 0.00","I","999.9","000000"
"48855099999","2015-03-20","16.043917","108.19937","10.05","DANANG INTERNATIONAL, VM","  79.5","24","  71.2","24","9999.9"," 0","999.9"," 0","  4.2","24","  4.0","24"," 12.0","999.9","  89.6","*","  69.8","*"," 0.00","I","999.9","000000"
"48855099999","2015-03-21","16.043917","108.19937","10.05","DANANG INTERNATIONAL, VM","  79.2","24","  72.8","24","9999.9"," 0","999.9"," 0","  5.0","24","  3.2","24","  8.0","999.9","  86.0","*","  69.4"," "," 0.00","I","999.9","000000"
"48855099999","2015-03-22","16.043917","108.19937","10.05","DANANG INTERNATIONAL, VM","  77.2","24","  69.9","24","9999.9"," 0","999.9"," 0","  5.2","24","  3.2","24","  8.0","999.9","  86.0","*","  68.0","*"," 0.00","I","999.9","000000"
"48855099999","2015-03-23","16.043917","108.19937","10.05","DANANG INTERNATIONAL, VM","  80.3","24","  71.8","24","9999.9"," 0","999.9"," 0","  5.0","24","  4.0","24","  8.9","999.9","  87.8","*","  67.1"," "," 0.00","I","999.9","000000"
"48855099999","2015-03-24","16.043917","108.19937","10.05","DANANG INTERNATIONAL, VM","  79.3","24","  74.3","24","9999.9"," 0","999.9"," 0","  3.5","24","  6.0","24","  9.9","999.9","  84.2","*","  74.3"," "," 0.14","G","999.9","010000"
"48855099999","2015-03-25","16.043917","108.19937","10.05","DANANG INTERNATIONAL, VM","  79.9","24","  74.1","24","9999.9"," 0","999.9"," 0","  3.5","24","  7.5","24"," 12.0","999.9","  84.2","*","  73.4"," "," 0.35","G","999.9","010000"
"48855099999","2015-03-26","16.043917","108.19937","10.05","DANANG INTERNATIONAL, VM","  81.1","24","  74.9","24","9999.9"," 0","999.9"," 0","  4.2","24","  8.4","24"," 13.0","999.9","  86.0","*","  75.6"," "," 0.00","G","999.9","010000"
"48855099999","2015-03-27","16.043917","108.19937","10.05","DANANG INTERNATIONAL, VM","  77.9","24","  75.8","24","9999.9"," 0","999.9"," 0","  2.9","24","  4.0","24","  8.0","999.9","  80.6","*","  74.3"," "," 0.68","G","999.9","010000"
"48855099999","2015-03-28","16.043917","108.19937","10.05","DANANG INTERNATIONAL, VM","  77.4","24","  76.4","24","9999.9"," 0","999.9"," 0","  2.9","24","  1.9","24","  6.0","999.9","  80.6","*","  73.4","*"," 4.59","G","999.9","010000"
"48855099999","2015-03-29","16.043917","108.19937","10.05","DANANG INTERNATIONAL, VM","  81.1","24","  76.2","24","9999.9"," 0","999.9"," 0","  4.1","24","  3.3","23","  8.9","999.9","  87.8","*","  74.5"," "," 0.00","G","999.9","000000"
"48855099999","2015-03-30","16.043917","108.19937","10.05","DANANG INTERNATIONAL, VM","  80.8","24","  76.6","24","9999.9"," 0","999.9"," 0","  3.9","24","  3.6","24","  9.9","999.9","  87.8","*","  75.4"," "," 0.00","I","999.9","000000"
"48855099999","2015-03-31","16.043917","108.19937","10.05","DANANG INTERNATIONAL, VM","  81.5","24","  76.0","24","9999.9"," 0","999.9"," 0","  4.2","24","  4.5","24"," 11.1","999.9","  87.8","*","  75.2"," "," 0.00","I","999.9","000000"
"48855099999","2015-04-01","16.043917","108.19937","10.05","DANANG INTERNATIONAL, VM","  82.2","24","  76.8","24","9999.9"," 0","999.9"," 0","  5.2","24","  4.2","24","  9.9","999.9","  87.8","*","  74.7"," "," 0.00","I","999.9","000000"
"48855099999","2015-04-02","16.043917","108.19937","10.05","DANANG INTERNATIONAL, VM","  83.3","24","  77.0","24","9999.9"," 0","999.9"," 0","  4.5","24","  4.3","24","  8.0","999.9","  91.4","*","  76.6"," "," 0.00","I","999.9","000000"
"48855099999","2015-04-03","16.043917","108.19937","10.05","DANANG INTERNATIONAL, VM","  82.9","24","  76.6","24","9999.9"," 0","999.9"," 0","  3.9","24","  3.1","24","  8.9","999.9","  93.2","*","  76.1","*"," 0.00","I","999.9","000010"
"48855099999","2015-04-04","16.043917","108.19937","10.05","DANANG INTERNATIONAL, VM","  82.5","24","  76.6","24","9999.9"," 0","999.9"," 0","  3.9","24","  3.9","24","  8.9","999.9","  89.6","*","  75.6"," "," 0.00","A","999.9","000010"
"48855099999","2015-04-05","16.043917","108.19937","10.05","DANANG INTERNATIONAL, VM","  81.2","24","  76.3","24","9999.9"," 0","999.9"," 0","  4.0","24","  4.1","24"," 12.0","999.9","  87.8","*","  75.0","*"," 0.00","E","999.9","000000"
"48855099999","2015-04-06","16.043917","108.19937","10.05","DANANG INTERNATIONAL, VM","  80.5","24","  75.4","24","9999.9"," 0","999.9"," 0","  4.2","24","  4.1","24","  7.0","999.9","  87.8","*","  74.7"," "," 0.00","G","999.9","000000"
"48855099999","2015-04-07","16.043917","108.19937","10.05","DANANG INTERNATIONAL, VM","  81.6","24","  76.3","24","9999.9"," 0","999.9"," 0","  4.5","24","  3.7","24","  9.9","999.9","  87.8","*","  75.9"," "," 0.00","G","999.9","000000"
"48855099999","2015-04-08","16.043917","108.19937","10.05","DANANG INTERNATIONAL, VM","  81.7","24","  72.7","24","9999.9"," 0","999.9"," 0","  5.6","24","  3.5","24","  7.0","999.9","  89.6","*","  73.8","*","99.99"," ","999.9","010000"
"48855099999","2015-04-09","16.043917","108.19937","10.05","DANANG INTERNATIONAL, VM","  81.2","24","  75.7","24","9999.9"," 0","999.9"," 0","  5.1","24","  3.5","24","  8.9","999.9","  86.0","*","  73.4"," "," 0.12","G","999.9","010000"
"48855099999","2015-04-10","16.043917","108.19937","10.05","DANANG INTERNATIONAL, VM","  80.9","24","  74.4","24","9999.9"," 0","999.9"," 0","  4.9","24","  6.3","24"," 15.9","999.9","  87.8","*","  74.8","*"," 0.00","G","999.9","000000"
"48855099999","2015-04-11","16.043917","108.19937","10.05","DANANG INTERNATIONAL, VM","  80.4","24","  72.0","24","9999.9"," 0","999.9"," 0","  5.8","24","  6.1","24"," 11.1","999.9","  84.2","*","  73.4","*"," 0.00","G","999.9","010000"
"48855099999","2015-04-12","16.043917","108.19937","10.05","DANANG INTERNATIONAL, VM","  74.5","24","  69.7","24","9999.9"," 0","999.9"," 0","  3.4","24","  5.0","24"," 15.0","999.9","  77.0","*","  70.9","*"," 2.25","G","999.9","010000"
"48855099999","2015-04-13","16.043917","108.19937","10.05","DANANG INTERNATIONAL, VM","  72.5","24","  67.4","24","9999.9"," 0","999.9"," 0","  3.1","24","  2.9","24","  8.9","999.9","  78.8","*","  65.1","*"," 0.00","G","999.9","000000"
"48855099999","2015-04-14","16.043917","108.19937","10.05","DANANG INTERNATIONAL, VM","  75.9","24","  66.7","24","9999.9"," 0","999.9"," 0","  4.1","24","  2.2","24","  6.0","999.9","  84.2","*","  64.8"," "," 0.00","I","999.9","000000"
"48855099999","2015-04-15","16.043917","108.19937","10.05","DANANG INTERNATIONAL, VM","  76.6","24","  67.4","24","9999.9"," 0","999.9"," 0","  4.4","24","  4.1","24","  9.9","999.9","  84.2","*","  66.0"," "," 0.00","I","999.9","000000"
"48855099999","2015-04-16","16.043917","108.19937","10.05","DANANG INTERNATIONAL, VM","  77.8","24","  70.2","24","9999.9"," 0","999.9"," 0","  4.4","24","  3.5","24","  8.9","999.9","  84.2","*","  67.5"," "," 0.00","I","999.9","000000"
"48855099999","2015-04-17","16.043917","108.19937","10.05","DANANG INTERNATIONAL, VM","  80.9","24","  75.4","24","9999.9"," 0","999.9"," 0","  3.6","24","  4.3","24","  9.9","999.9","  87.8","*","  70.7"," "," 0.00","I","999.9","000000"
"48855099999","2015-04-18","16.043917","108.19937","10.05","DANANG INTERNATIONAL, VM","  84.0","24","  77.4","24","9999.9"," 0","999.9"," 0","  3.0","24","  4.0","24"," 11.1","999.9","  91.4","*","  75.2"," "," 0.00","I","999.9","000000"
"48855099999","2015-04-19","16.043917","108.19937","10.05","DANANG INTERNATIONAL, VM","  85.0","24","  77.7","24","9999.9"," 0","999.9"," 0","  3.3","24","  3.3","24","  7.0","999.9","  93.2","*","  77.7"," "," 0.00","I","999.9","000000"
"48855099999","2015-04-20","16.043917","108.19937","10.05","DANANG INTERNATIONAL, VM","  88.5","24","  78.2","24","9999.9"," 0","999.9"," 0","  4.0","24","  3.0","24","  8.0","999.9"," 104.0","*","  79.5"," "," 0.00","I","999.9","000000"
"48855099999","2015-04-21","16.043917","108.19937","10.05","DANANG INTERNATIONAL, VM","  84.3","24","  76.1","24","9999.9"," 0","999.9"," 0","  3.7","24","  6.8","24"," 17.1","999.9","  93.2","*","  74.7","*"," 0.09","G","999.9","010010"
"48855099999","2015-04-22","16.043917","108.19937","10.05","DANANG INTERNATIONAL, VM","  78.1","24","  75.3","24","9999.9"," 0","999.9"," 0","  3.2","24","  4.7","24"," 18.1","999.9","  86.0","*","  73.2"," "," 0.57","G","999.9","010010"
"48855099999","2015-04-23","16.043917","108.19937","10.05","DANANG INTERNATIONAL, VM","  81.9","24","  77.0","24","9999.9"," 0","999.9"," 0","  4.7","24","  3.0","24"," 13.0","999.9","  87.8","*","  73.6"," "," 0.02","G","999.9","010000"
"48855099999","2015-04-24","16.043917","108.19937","10.05","DANANG INTERNATIONAL, VM","  82.9","24","  76.8","24","9999.9"," 0","999.9"," 0","  5.0","24","  3.9","24","  9.9","999.9","  89.6","*","  73.9"," "," 0.44","G","999.9","000000"
"48855099999","2015-04-25","16.043917","108.19937","10.05","DANANG INTERNATIONAL, VM","  82.7","24","  76.9","24","9999.9"," 0","999.9"," 0","  3.8","24","  4.0","24","  8.0","999.9","  89.6","*","  76.3"," "," 0.03","G","999.9","010000"
"48855099999","2015-04-26","16.043917","108.19937","10.05","DANANG INTERNATIONAL, VM","  82.3","24","  75.0","24","9999.9"," 0","999.9"," 0","  4.5","24","  4.5","24","  8.9","999.9","  87.8","*","  73.4","*"," 0.00","G","999.9","000000"
"48855099999","2015-04-27","16.043917","108.19937","10.05","DANANG INTERNATIONAL, VM","  82.6","24","  75.5","24","9999.9"," 0","999.9"," 0","  4.8","24","  3.4","24","  8.9","999.9","  89.6","*","  73.4"," "," 0.00","I","999.9","000000"
"48855099999","2015-04-28","16.043917","108.19937","10.05","DANANG INTERNATIONAL, VM","  84.3","24","  77.5","24","9999.9"," 0","999.9"," 0","  4.6","24","  5.0","24"," 11.1","999.9","  89.6","*","  77.0"," "," 0.00","I","999.9","000000"
"48855099999","2015-04-29","16.043917","108.19937","10.05","DANANG INTERNATIONAL, VM","  84.9","24","  78.7","24","9999.9"," 0","999.9"," 0","  5.4","24","  4.0","24","  9.9","999.9","  91.4","*","  76.3"," "," 0.00","A","999.9","010000"
"48855099999","2015-04-30","16.043917","108.19937","10.05","DANANG INTERNATIONAL, VM","  84.7","24","  78.5","24","9999.9"," 0","999.9"," 0","  5.0","24","  5.0","24"," 12.0","999.9","  91.4","*","  76.5"," "," 0.00","E","999.9","010000"
"48855099999","2015-05-01","16.043917","108.19937","10.05","DANANG INTERNATIONAL, VM","  84.1","24","  77.4","24","9999.9"," 0","999.9"," 0","  4.3","24","  4.8","24"," 11.1","999.9","  93.2","*","  77.9"," "," 0.00","G","999.9","010010"
"48855099999","2015-05-02","16.043917","108.19937","10.05","DANANG INTERNATIONAL, VM","  84.5","24","  77.3","24","9999.9"," 0","999.9"," 0","  4.7","24","  4.0","24","  9.9","999.9","  96.8","*","  77.0","*"," 0.00","G","999.9","000010"
"48855099999","2015-05-03","16.043917","108.19937","10.05","DANANG INTERNATIONAL, VM","  86.8","24","  78.2","24","9999.9"," 0","999.9"," 0","  5.9","24","  3.3","24","  7.0","999.9","  96.8","*","  78.8","*"," 0.00","I","999.9","000000"
"48855099999","2015-05-04","16.043917","108.19937","10.05","DANANG INTERNATIONAL, VM","  86.6","24","  77.2","24","9999.9"," 0","999.9"," 0","  5.9","24","  4.4","24","  7.0","999.9","  96.8","*","  77.4"," "," 0.00","I","999.9","000000"
"48855099999","2015-05-05","16.043917","108.19937","10.05","DANANG INTERNATIONAL, VM","  86.6","24","  77.1","24","9999.9"," 0","999.9"," 0","  5.1","24","  3.6","24","  7.0","999.9","  96.8","*","  77.0"," "," 0.00","I","999.9","000010"
"48855099999","2015-05-06","16.043917","108.19937","10.05","DANANG INTERNATIONAL, VM","  86.5","24","  76.4","24","9999.9"," 0","999.9"," 0","  6.4","24","  4.0","24","  8.0","999.9"," 102.2","*","  77.0","*"," 0.00","I","999.9","000010"
"48855099999","2015-05-07","16.043917","108.19937","10.05","DANANG INTERNATIONAL, VM","  83.5","24","  74.9","24","9999.9"," 0","999.9"," 0","  6.2","24","  4.6","24"," 11.1","999.9","  95.0","*","  77.0","*"," 0.00","I","999.9","000010"
"48855099999","2015-05-08","16.043917","108.19937","10.05","DANANG INTERNATIONAL, VM","  85.5","24","  76.5","24","9999.9"," 0","999.9"," 0","  6.0","24","  3.0","24","  7.0","999.9","  98.6","*","  77.0"," "," 0.00","I","999.9","000000"
"48855099999","2015-05-09","16.043917","108.19937","10.05","DANANG INTERNATIONAL, VM","  86.0","24","  74.9","24","9999.9"," 0","999.9"," 0","  5.7","24","  5.0","24"," 15.0","999.9","  98.6","*","  75.2","*"," 0.00","I","999.9","000010"
"48855099999","2015-05-10","16.043917","108.19937","10.05","DANANG INTERNATIONAL, VM","  83.4","24","  74.0","24","9999.9"," 0","999.9"," 0","  5.6","24","  6.2","24"," 14.0","999.9","  95.0","*","  76.6"," "," 0.00","I","999.9","000000"
"48855099999","2015-05-11","16.043917","108.19937","10.05","DANANG INTERNATIONAL, VM","  84.7","24","  75.4","24","9999.9"," 0","999.9"," 0","  6.5","24","  4.3","24","  8.0","999.9","  95.0","*","  77.0","*"," 0.00","I","999.9","000000"
"48855099999","2015-05-12","16.043917","108.19937","10.05","DANANG INTERNATIONAL, VM","  85.1","24","  77.2","24","9999.9"," 0","999.9"," 0","  6.1","24","  4.0","24","  8.9","999.9","  93.2","*","  78.6"," "," 0.00","I","999.9","000000"
"48855099999","2015-05-13","16.043917","108.19937","10.05","DANANG INTERNATIONAL, VM","  83.7","24","  76.5","24","9999.9"," 0","999.9"," 0","  5.0","24","  5.9","24"," 12.0","999.9","  89.6","*","  77.0","*"," 0.00","I","999.9","000010"
"48855099999","2015-05-14","16.043917","108.19937","10.05","DANANG INTERNATIONAL, VM","  84.3","24","  76.1","24","9999.9"," 0","999.9"," 0","  5.9","24","  4.7","24"," 12.0","999.9","  93.2","*","  77.0","*"," 0.00","I","999.9","000000"
"48855099999","2015-05-15","16.043917","108.19937","10.05","DANANG INTERNATIONAL, VM","  83.9","24","  74.7","24","9999.9"," 0","999.9"," 0","  6.5","24","  5.2","24","  8.9","999.9","  95.0","*","  77.0","*"," 0.00","I","999.9","000000"
"48855099999","2015-05-16","16.043917","108.19937","10.05","DANANG INTERNATIONAL, VM","  84.0","24","  74.8","24","9999.9"," 0","999.9"," 0","  5.4","24","  4.0","24","  7.0","999.9","  95.0","*","  77.0","*"," 0.00","I","999.9","000010"
"48855099999","2015-05-17","16.043917","108.19937","10.05","DANANG INTERNATIONAL, VM","  84.4","24","  74.9","24","9999.9"," 0","999.9"," 0","  5.7","24","  3.9","24"," 11.1","999.9","  95.0","*","  77.0","*"," 0.00","I","999.9","000010"
"48855099999","2015-05-18","16.043917","108.19937","10.05","DANANG INTERNATIONAL, VM","  83.0","24","  76.4","24","9999.9"," 0","999.9"," 0","  5.6","24","  3.3","24"," 11.1"," 19.0","  95.0","*","  75.2","*"," 0.79","G","999.9","010010"
"48855099999","2015-05-19","16.043917","108.19937","10.05","DANANG INTERNATIONAL, VM","  83.5","24","  76.0","24","9999.9"," 0","999.9"," 0","  6.3","24","  3.7","24"," 14.0","999.9","  98.6","*","  77.0","*"," 0.20","G","999.9","010010"
"48855099999","2015-05-20","16.043917","108.19937","10.05","DANANG INTERNATIONAL, VM","  87.9","17","  76.2","17","1006.9"," 4","006.1"," 4","  7.6","17","  3.1","16","  8.0","999.9","  93.9","*","  78.4"," "," 0.00","G","999.9","000000"
"48855099999","2015-05-21","16.043917","108.19937","10.05","DANANG INTERNATIONAL, VM","  88.4","24","  76.4","24","9999.9"," 0","999.9"," 0","  6.5","24","  3.3","24","  9.9","999.9","  98.6","*","  80.6"," "," 0.00","G","999.9","000000"
"48855099999","2015-05-22","16.043917","108.19937","10.05","DANANG INTERNATIONAL, VM","  87.7","24","  76.3","24","9999.9"," 0","999.9"," 0","  6.4","24","  3.5","24"," 12.0","999.9"," 100.4","*","  80.6","*"," 0.00","G","999.9","010010"
"48855099999","2015-05-23","16.043917","108.19937","10.05","DANANG INTERNATIONAL, VM","  90.5","24","  74.6","24","9999.9"," 0","999.9"," 0","  6.5","24","  4.8","24"," 13.0","999.9"," 100.4","*","  81.0"," "," 0.00","G","999.9","000000"
"48855099999","2015-05-24","16.043917","108.19937","10.05","DANANG INTERNATIONAL, VM","  87.9","24","  76.0","24","9999.9"," 0","999.9"," 0","  6.5","24","  4.3","24"," 11.1","999.9","  98.6","*","  80.6","*"," 0.00","I","999.9","000000"
"48855099999","2015-05-25","16.043917","108.19937","10.05","DANANG INTERNATIONAL, VM","  88.5","24","  75.7","24","9999.9"," 0","999.9"," 0","  6.5","24","  4.2","24","  9.9","999.9"," 100.4","*","  80.6"," "," 0.00","I","999.9","000000"
"48855099999","2015-05-26","16.043917","108.19937","10.05","DANANG INTERNATIONAL, VM","  89.2","24","  77.2","24","9999.9"," 0","999.9"," 0","  6.5","24","  3.8","24","  9.9","999.9","  98.6","*","  81.1"," "," 0.00","I","999.9","000000"
"48855099999","2015-05-27","16.043917","108.19937","10.05","DANANG INTERNATIONAL, VM","  89.1","24","  75.7","24","9999.9"," 0","999.9"," 0","  6.5","24","  4.8","24"," 12.0","999.9"," 100.4","*","  80.6","*"," 0.00","I","999.9","000000"
"48855099999","2015-05-28","16.043917","108.19937","10.05","DANANG INTERNATIONAL, VM","  90.3","24","  76.2","24","9999.9"," 0","999.9"," 0","  6.5","24","  3.6","24"," 11.1","999.9"," 101.1","*","  82.2"," "," 0.00","I","999.9","000000"
"48855099999","2015-05-29","16.043917","108.19937","10.05","DANANG INTERNATIONAL, VM","  91.1","24","  76.0","24","9999.9"," 0","999.9"," 0","  6.5","22","  4.2","23"," 11.1","999.9"," 102.9"," ","  82.4","*"," 0.00","G","999.9","000000"
"48855099999","2015-05-30","16.043917","108.19937","10.05","DANANG INTERNATIONAL, VM","  89.8","24","  76.1","24","9999.9"," 0","999.9"," 0","  5.9","24","  3.5","24"," 11.1","999.9"," 102.2","*","  77.0","*"," 0.35","A","999.9","010010"
"48855099999","2015-05-31","16.043917","108.19937","10.05","DANANG INTERNATIONAL, VM","  88.5","24","  76.7","24","9999.9"," 0","999.9"," 0","  6.4","24","  3.9","24","  8.0","999.9"," 100.4","*","  78.8","*"," 0.35","E","999.9","000000"
"48855099999","2015-06-01","16.043917","108.19937","10.05","DANANG INTERNATIONAL, VM","  87.9","24","  76.7","24","9999.9"," 0","999.9"," 0","  6.5","24","  4.4","24","  9.9","999.9","  98.6","*","  78.8","*"," 0.00","I","999.9","000000"
"48855099999","2015-06-02","16.043917","108.19937","10.05","DANANG INTERNATIONAL, VM","  87.1","24","  75.1","24","9999.9"," 0","999.9"," 0","  6.5","24","  4.1","24"," 12.0","999.9","  95.0","*","  78.8","*"," 0.00","I","999.9","000000"
"48855099999","2015-06-03","16.043917","108.19937","10.05","DANANG INTERNATIONAL, VM","  87.8","24","  75.3","24","9999.9"," 0","999.9"," 0","  6.5","24","  3.9","24","  9.9","999.9","  98.6","*","  78.8","*"," 0.00","I","999.9","000000"
"48855099999","2015-06-04","16.043917","108.19937","10.05","DANANG INTERNATIONAL, VM","  84.8","24","  74.9","24","9999.9"," 0","999.9"," 0","  6.5","24","  5.5","24"," 12.0","999.9","  93.2","*","  77.0","*"," 0.00","I","999.9","000000"
"48855099999","2015-06-05","16.043917","108.19937","10.05","DANANG INTERNATIONAL, VM","  85.2","24","  75.5","24","9999.9"," 0","999.9"," 0","  6.5","22","  4.8","24","  9.9","999.9","  93.2","*","  78.8","*"," 0.00","I","999.9","000000"
"48855099999","2015-06-06","16.043917","108.19937","10.05","DANANG INTERNATIONAL, VM","  84.6","24","  74.7","24","9999.9"," 0","999.9"," 0","  6.5","24","  5.5","24"," 11.1","999.9","  93.2","*","  77.0","*"," 0.00","I","999.9","000000"
"48855099999","2015-06-07","16.043917","108.19937","10.05","DANANG INTERNATIONAL, VM","  83.4","24","  74.4","24","9999.9"," 0","999.9"," 0","  6.4","24","  5.6","24"," 13.0","999.9","  93.2","*","  77.0","*"," 0.00","I","999.9","000000"
"48855099999","2015-06-08","16.043917","108.19937","10.05","DANANG INTERNATIONAL, VM","  85.2","24","  74.2","24","9999.9"," 0","999.9"," 0","  6.4","24","  4.4","24","  9.9","999.9","  98.6","*","  76.8"," "," 0.00","G","999.9","010010"
"48855099999","2015-06-09","16.043917","108.19937","10.05","DANANG INTERNATIONAL, VM","  87.9","24","  75.7","24","9999.9"," 0","999.9"," 0","  6.5","24","  3.8","24"," 13.0","999.9","  98.6","*","  78.4"," "," 0.00","G","999.9","000000"
"48855099999","2015-06-10","16.043917","108.19937","10.05","DANANG INTERNATIONAL, VM","  89.0","24","  76.4","24","9999.9"," 0","999.9"," 0","  6.5","24","  5.2","24"," 12.0","999.9"," 102.2","*","  80.2"," "," 0.00","I","999.9","000000"
"48855099999","2015-06-11","16.043917","108.19937","10.05","DANANG INTERNATIONAL, VM","  86.9","24","  75.3","24","9999.9"," 0","999.9"," 0","  6.3","24","  4.5","24","  8.9","999.9","  98.6","*","  77.0","*"," 0.00","I","999.9","000000"
"48855099999","2015-06-12","16.043917","108.19937","10.05","DANANG INTERNATIONAL, VM","  86.4","24","  76.3","24","9999.9"," 0","999.9"," 0","  6.5","24","  3.7","24","  8.0","999.9","  95.0","*","  78.8"," "," 0.00","I","999.9","000000"
"48855099999","2015-06-13","16.043917","108.19937","10.05","DANANG INTERNATIONAL, VM","  84.8","24","  75.8","24","9999.9"," 0","999.9"," 0","  6.4","24","  4.3","24","  8.9","999.9","  93.2","*","  75.2","*"," 0.00","I","999.9","000000"
"48855099999","2015-06-14","16.043917","108.19937","10.05","DANANG INTERNATIONAL, VM","  85.8","24","  76.1","24","9999.9"," 0","999.9"," 0","  6.5","24","  4.7","24"," 11.1","999.9","  95.0","*","  76.8"," "," 0.00","I","999.9","000000"
"48855099999","2015-06-15","16.043917","108.19937","10.05","DANANG INTERNATIONAL, VM","  85.7","24","  77.3","24","9999.9"," 0","999.9"," 0","  6.5","24","  4.4","24"," 12.0","999.9","  95.0","*","  78.8","*"," 0.00","I","999.9","000000"
"48855099999","2015-06-16","16.043917","108.19937","10.05","DANANG INTERNATIONAL, VM","  85.2","24","  76.9","24","9999.9"," 0","999.9"," 0","  6.5","24","  4.8","24"," 13.0","999.9","  93.2","*","  78.8","*"," 0.00","I","999.9","000000"
"48855099999","2015-06-17","16.043917","108.19937","10.05","DANANG INTERNATIONAL, VM","  85.7","24","  74.9","24","9999.9"," 0","999.9"," 0","  6.5","24","  4.4","24","  9.9","999.9","  93.2","*","  78.8","*"," 0.00","I","999.9","000000"
"48855099999","2015-06-18","16.043917","108.19937","10.05","DANANG INTERNATIONAL, VM","  86.7","24","  74.5","24","9999.9"," 0","999.9"," 0","  6.5","24","  4.0","24"," 14.0","999.9","  96.8","*","  78.8"," "," 0.00","I","999.9","000000"
"48855099999","2015-06-19","16.043917","108.19937","10.05","DANANG INTERNATIONAL, VM","  85.6","24","  75.1","24","9999.9"," 0","999.9"," 0","  6.4","24","  2.5","24","  6.0","999.9","  91.4","*","  79.0"," "," 0.00","I","999.9","000000"
"48855099999","2015-06-20","16.043917","108.19937","10.05","DANANG INTERNATIONAL, VM","  84.9","24","  76.6","24","9999.9"," 0","999.9"," 0","  5.1","24","  2.9","24","  8.0","999.9","  89.6","*","  81.9"," "," 0.00","G","999.9","010000"
"48855099999","2015-06-21","16.043917","108.19937","10.05","DANANG INTERNATIONAL, VM","  81.2","24","  77.4","24","9999.9"," 0","999.9"," 0","  4.4","24","  2.4","24","  7.0","999.9","  86.0","*","  77.0","*"," 0.00","G","999.9","010010"
"48855099999","2015-06-22","16.043917","108.19937","10.05","DANANG INTERNATIONAL, VM","  80.4","24","  76.5","24","9999.9"," 0","999.9"," 0","  5.9","24","  2.0","24","  7.0","999.9","  82.4","*","  77.0","*"," 0.58","G","999.9","010000"
"48855099999","2015-06-23","16.043917","108.19937","10.05","DANANG INTERNATIONAL, VM","  84.3","24","  74.5","24","9999.9"," 0","999.9"," 0","  5.9","24","  4.3","24","  8.9","999.9","  89.6","*","  77.9"," "," 0.21","G","999.9","010000"
"48855099999","2015-06-24","16.043917","108.19937","10.05","DANANG INTERNATIONAL, VM","  86.2","20","  74.2","20","9999.9"," 0","999.9"," 0","  6.5","20","  3.7","19","  9.9","999.9","  89.6","*","  80.6","*"," 0.00","G","999.9","010000"
"48855099999","2015-06-25","16.043917","108.19937","10.05","DANANG INTERNATIONAL, VM","  87.1","24","  74.6","24","9999.9"," 0","999.9"," 0","  6.5","24","  5.2","24"," 11.1","999.9","  96.8","*","  79.9"," "," 0.00","G","999.9","000000"
"48855099999","2015-06-26","16.043917","108.19937","10.05","DANANG INTERNATIONAL, VM","  88.1","24","  74.8","24","9999.9"," 0","999.9"," 0","  6.5","24","  4.7","24"," 11.1","999.9","  96.8","*","  82.2"," "," 0.00","G","999.9","000000"
"48855099999","2015-06-27","16.043917","108.19937","10.05","DANANG INTERNATIONAL, VM","  88.4","24","  74.8","24","9999.9"," 0","999.9"," 0","  6.2","24","  4.3","24"," 13.0","999.9","  96.8","*","  80.6","*"," 0.00","I","999.9","000000"
"48855099999","2015-06-28","16.043917","108.19937","10.05","DANANG INTERNATIONAL, VM","  87.4","24","  75.8","24","9999.9"," 0","999.9"," 0","  6.5","24","  3.6","24"," 12.0","999.9","  96.8","*","  78.8","*"," 0.00","I","999.9","000000"
"48855099999","2015-06-29","16.043917","108.19937","10.05","DANANG INTERNATIONAL, VM","  89.2","24","  75.6","24","9999.9"," 0","999.9"," 0","  6.5","24","  3.0","24","  8.9","999.9","  98.6","*","  79.9"," "," 0.00","I","999.9","000000"
"48855099999","2015-06-30","16.043917","108.19937","10.05","DANANG INTERNATIONAL, VM","  90.2","24","  75.3","24","9999.9"," 0","999.9"," 0","  6.5","24","  3.8","24"," 12.0","999.9"," 100.4","*","  80.6","*"," 0.00","I","999.9","000000"
"48855099999","2015-07-01","16.043917","108.19937","10.05","DANANG INTERNATIONAL, VM","  91.0","24","  75.4","24","9999.9"," 0","999.9"," 0","  6.5","24","  3.7","24","  8.9","999.9"," 101.1","*","  81.9"," "," 0.00","I","999.9","000000"
"48855099999","2015-07-02","16.043917","108.19937","10.05","DANANG INTERNATIONAL, VM","  91.3","24","  75.5","24","9999.9"," 0","999.9"," 0","  6.5","24","  3.6","24"," 11.1","999.9"," 102.2","*","  83.3"," "," 0.00","I","999.9","000000"
"48855099999","2015-07-03","16.043917","108.19937","10.05","DANANG INTERNATIONAL, VM","  91.2","24","  76.2","24","9999.9"," 0","999.9"," 0","  6.5","24","  3.2","24","  8.9","999.9"," 102.2","*","  82.4","*"," 0.00","I","999.9","000000"
"48855099999","2015-07-04","16.043917","108.19937","10.05","DANANG INTERNATIONAL, VM","  89.4","24","  74.8","24","9999.9"," 0","999.9"," 0","  6.4","24","  4.7","24"," 13.0","999.9"," 102.2","*","  78.8","*"," 0.00","A","999.9","010010"
"48855099999","2015-07-05","16.043917","108.19937","10.05","DANANG INTERNATIONAL, VM","  86.5","24","  75.2","24","9999.9"," 0","999.9"," 0","  6.7","24","  4.2","24"," 15.9","999.9","  98.6","*","  78.8","*"," 0.00","E","999.9","000010"
"48855099999","2015-07-06","16.043917","108.19937","10.05","DANANG INTERNATIONAL, VM","  83.1","24","  77.4","24","9999.9"," 0","999.9"," 0","  5.5","24","  4.3","24"," 15.9","999.9","  92.3"," ","  75.2","*"," 0.31","G","999.9","010010"
"48855099999","2015-07-07","16.043917","108.19937","10.05","DANANG INTERNATIONAL, VM","  84.7","24","  76.2","24","9999.9"," 0","999.9"," 0","  5.5","24","  7.6","24"," 18.1","999.9","  91.4","*","  79.5"," "," 0.00","G","999.9","010000"
"48855099999","2015-07-08","16.043917","108.19937","10.05","DANANG INTERNATIONAL, VM","  83.7","24","  72.4","24","9999.9"," 0","999.9"," 0","  5.2","24","  3.4","24","  9.9","999.9","  89.6","*","  75.2","*"," 0.12","G","999.9","010000"
"48855099999","2015-07-09","16.043917","108.19937","10.05","DANANG INTERNATIONAL, VM","  84.9","24","  70.4","24","9999.9"," 0","999.9"," 0","  4.7","24","  5.7","24"," 20.0","999.9","  91.4","*","  77.0","*"," 0.00","G","999.9","000000"
"48855099999","2015-07-10","16.043917","108.19937","10.05","DANANG INTERNATIONAL, VM","  85.2","24","  73.5","24","9999.9"," 0","999.9"," 0","  4.6","24","  4.9","24"," 15.0","999.9","  93.2","*","  77.5"," "," 0.00","G","999.9","010000"
"48855099999","2015-07-11","16.043917","108.19937","10.05","DANANG INTERNATIONAL, VM","  86.6","24","  76.0","24","9999.9"," 0","999.9"," 0","  4.3","24","  3.6","24","  8.9","999.9","  93.2","*","  80.2"," "," 0.09","G","999.9","010000"
"48855099999","2015-07-12","16.043917","108.19937","10.05","DANANG INTERNATIONAL, VM","  84.7","24","  75.3","24","9999.9"," 0","999.9"," 0","  4.9","24","  3.5","24"," 11.1","999.9","  91.4","*","  78.8","*"," 0.00","G","999.9","000000"
"48855099999","2015-07-13","16.043917","108.19937","10.05","DANANG INTERNATIONAL, VM","  87.0","24","  75.3","24","9999.9"," 0","999.9"," 0","  5.9","24","  4.2","24","  9.9","999.9","  95.0","*","  79.9"," "," 0.00","G","999.9","000000"
"48855099999","2015-07-14","16.043917","108.19937","10.05","DANANG INTERNATIONAL, VM","  86.7","24","  77.9","24","9999.9"," 0","999.9"," 0","  6.0","24","  3.1","24"," 14.0","999.9","  95.4","*","  80.6"," "," 0.03","A","999.9","010010"
"48855099999","2015-07-15","16.043917","108.19937","10.05","DANANG INTERNATIONAL, VM","  88.2","24","  76.7","24","9999.9"," 0","999.9"," 0","  5.9","24","  3.5","24","  7.0","999.9","  96.8","*","  80.2"," "," 0.05","F","999.9","010000"
"48855099999","2015-07-16","16.043917","108.19937","10.05","DANANG INTERNATIONAL, VM","  88.8","24","  74.1","24","9999.9"," 0","999.9"," 0","  6.5","24","  4.2","24","  8.9","999.9","  95.0"," ","  82.4","*"," 0.00","G","999.9","010000"
"48855099999","2015-07-17","16.043917","108.19937","10.05","DANANG INTERNATIONAL, VM","  87.8","24","  75.6","24","9999.9"," 0","999.9"," 0","  6.5","24","  3.3","24"," 12.0","999.9","  96.8","*","  82.4","*"," 0.00","G","999.9","010000"
"48855099999","2015-07-18","16.043917","108.19937","10.05","DANANG INTERNATIONAL, VM","  85.5","24","  74.8","24","9999.9"," 0","999.9"," 0","  5.7","24","  3.9","24","  9.9","999.9","  91.4","*","  80.6","*"," 0.00","G","999.9","010000"
"48855099999","2015-07-19","16.043917","108.19937","10.05","DANANG INTERNATIONAL, VM","  79.8","24","  75.7","24","9999.9"," 0","999.9"," 0","  4.8","24","  2.5","24","  8.0","999.9","  84.2","*","  77.0","*"," 0.08","G","999.9","010000"
"48855099999","2015-07-20","16.043917","108.19937","10.05","DANANG INTERNATIONAL, VM","  82.5","24","  74.7","24","9999.9"," 0","999.9"," 0","  6.5","24","  2.8","24","  7.0","999.9","  87.8","*","  76.1"," "," 0.05","G","999.9","010000"
"48855099999","2015-07-21","16.043917","108.19937","10.05","DANANG INTERNATIONAL, VM","  87.3","24","  73.1","24","9999.9"," 0","999.9"," 0","  6.5","24","  3.7","24","  7.0","999.9","  95.0","*","  79.2"," "," 0.00","G","999.9","010000"
"48855099999","2015-07-22","16.043917","108.19937","10.05","DANANG INTERNATIONAL, VM","  87.8","24","  74.1","24","9999.9"," 0","999.9"," 0","  6.5","24","  4.9","24"," 13.0","999.9","  98.6","*","  80.6","*"," 0.00","G","999.9","000000"
"48855099999","2015-07-23","16.043917","108.19937","10.05","DANANG INTERNATIONAL, VM","  87.7","24","  74.5","24","9999.9"," 0","999.9"," 0","  6.5","24","  3.1","24","  9.9","999.9"," 102.2","*","  78.8","*"," 0.00","I","999.9","000000"
"48855099999","2015-07-24","16.043917","108.19937","10.05","DANANG INTERNATIONAL, VM","  87.6","24","  72.6","24","9999.9"," 0","999.9"," 0","  6.5","24","  4.0","24"," 15.0","999.9","  98.6","*","  78.8"," "," 0.00","I","999.9","000000"
"48855099999","2015-07-25","16.043917","108.19937","10.05","DANANG INTERNATIONAL, VM","  86.7","24","  75.5","24","9999.9"," 0","999.9"," 0","  6.5","24","  3.7","24"," 11.1","999.9","  95.0","*","  79.7"," "," 0.00","G","999.9","010000"
"48855099999","2015-07-26","16.043917","108.19937","10.05","DANANG INTERNATIONAL, VM","  86.4","24","  70.0","24","9999.9"," 0","999.9"," 0","  6.5","24","  4.2","24"," 12.0","999.9","  95.0","*","  78.8","*"," 0.00","G","999.9","010000"
"48855099999","2015-07-27","16.043917","108.19937","10.05","DANANG INTERNATIONAL, VM","  84.2","24","  72.1","24","9999.9"," 0","999.9"," 0","  6.5","24","  3.1","24","  8.9","999.9","  91.4","*","  77.0","*"," 0.00","G","999.9","010000"
"48855099999","2015-07-28","16.043917","108.19937","10.05","DANANG INTERNATIONAL, VM","  77.2","24","  73.1","24","9999.9"," 0","999.9"," 0","  5.7","24","  1.7","24","  4.1","999.9","  80.6","*","  73.4","*"," 0.15","G","999.9","010000"
"48855099999","2015-07-29","16.043917","108.19937","10.05","DANANG INTERNATIONAL, VM","  78.0","24","  72.1","24","9999.9"," 0","999.9"," 0","  5.5","24","  3.1","24","  8.0","999.9","  82.4","*","  71.6","*"," 0.04","G","999.9","010000"
"48855099999","2015-07-30","16.043917","108.19937","10.05","DANANG INTERNATIONAL, VM","  76.2","18","  72.9","18","1011.0"," 6","010.2"," 6","  5.6","18","  2.9","17","  8.0","999.9","  81.0","*","  73.0"," "," 0.33","G","999.9","010000"
"48855099999","2015-07-31","16.043917","108.19937","10.05","DANANG INTERNATIONAL, VM","  78.1","24","  74.4","24","9999.9"," 0","999.9"," 0","  5.8","24","  1.9","24","  5.1","999.9","  84.2","*","  74.5"," "," 0.23","G","999.9","010000"
"48855099999","2015-08-01","16.043917","108.19937","10.05","DANANG INTERNATIONAL, VM","  78.6","24","  74.0","24","9999.9"," 0","999.9"," 0","  5.9","24","  3.7","24","  8.9","999.9","  89.6","*","  73.4","*"," 1.44","G","999.9","010000"
"48855099999","2015-08-02","16.043917","108.19937","10.05","DANANG INTERNATIONAL, VM","  81.0","24","  74.4","24","9999.9"," 0","999.9"," 0","  6.5","24","  3.7","24","  8.9","999.9","  89.6","*","  75.2"," "," 0.00","G","999.9","000000"
"48855099999","2015-08-03","16.043917","108.19937","10.05","DANANG INTERNATIONAL, VM","  81.6","24","  75.4","24","9999.9"," 0","999.9"," 0","  5.7","24","  4.7","24"," 11.1","999.9","  91.4","*","  74.5"," "," 0.00","G","999.9","000010"
"48855099999","2015-08-04","16.043917","108.19937","10.05","DANANG INTERNATIONAL, VM","  82.2","24","  75.2","24","9999.9"," 0","999.9"," 0","  6.7","24","  4.1","24","  8.9","999.9","  91.4","*","  75.2","*"," 0.00","G","999.9","000000"
"48855099999","2015-08-05","16.043917","108.19937","10.05","DANANG INTERNATIONAL, VM","  84.3","24","  76.7","24","9999.9"," 0","999.9"," 0","  6.5","24","  3.5","24","  8.0","999.9","  91.4","*","  76.5"," ","99.99"," ","999.9","010000"
"48855099999","2015-08-06","16.043917","108.19937","10.05","DANANG INTERNATIONAL, VM","  84.3","24","  75.8","24","9999.9"," 0","999.9"," 0","  6.5","24","  4.5","24"," 13.0","999.9","  91.4","*","  77.0","*"," 0.03","G","999.9","000000"
"48855099999","2015-08-07","16.043917","108.19937","10.05","DANANG INTERNATIONAL, VM","  84.8","24","  76.3","24","9999.9"," 0","999.9"," 0","  6.5","24","  3.4","24","  8.9","999.9","  91.4","*","  77.0","*"," 0.00","G","999.9","000000"
"48855099999","2015-08-08","16.043917","108.19937","10.05","DANANG INTERNATIONAL, VM","  83.4","24","  76.4","24","9999.9"," 0","999.9"," 0","  6.5","24","  5.6","24"," 13.0","999.9","  91.4","*","  77.0","*"," 0.00","I","999.9","000000"
"48855099999","2015-08-09","16.043917","108.19937","10.05","DANANG INTERNATIONAL, VM","  86.3","24","  77.1","24","9999.9"," 0","999.9"," 0","  6.5","24","  3.4","24","  9.9","999.9","  95.0","*","  77.7"," "," 0.00","I","999.9","000000"
"48855099999","2015-08-10","16.043917","108.19937","10.05","DANANG INTERNATIONAL, VM","  86.9","24","  77.2","24","9999.9"," 0","999.9"," 0","  6.5","24","  4.7","24"," 13.0","999.9","  95.0","*","  79.7"," "," 0.00","I","999.9","000000"
"48855099999","2015-08-11","16.043917","108.19937","10.05","DANANG INTERNATIONAL, VM","  86.3","24","  77.0","24","9999.9"," 0","999.9"," 0","  6.1","24","  4.0","23"," 12.0","999.9","  93.2","*","  78.8","*"," 0.00","I","999.9","000000"
"48855099999","2015-08-12","16.043917","108.19937","10.05","DANANG INTERNATIONAL, VM","  83.8","24","  77.1","24","9999.9"," 0","999.9"," 0","  6.3","24","  3.2","24"," 11.1","999.9","  93.2","*","  78.8","*"," 0.08","G","999.9","010010"
"48855099999","2015-08-13","16.043917","108.19937","10.05","DANANG INTERNATIONAL, VM","  85.7","24","  76.7","24","9999.9"," 0","999.9"," 0","  6.5","24","  3.6","24","  8.0","999.9","  93.2","*","  77.0","*"," 0.00","G","999.9","010010"
"48855099999","2015-08-14","16.043917","108.19937","10.05","DANANG INTERNATIONAL, VM","  87.6","24","  76.5","24","9999.9"," 0","999.9"," 0","  6.5","24","  3.7","24","  9.9","999.9"," 100.4","*","  78.8"," "," 0.00","I","999.9","000000"
"48855099999","2015-08-15","16.043917","108.19937","10.05","DANANG INTERNATIONAL, VM","  87.6","24","  74.4","24","9999.9"," 0","999.9"," 0","  6.7","24","  4.2","24"," 11.1","999.9","  98.6","*","  78.8","*"," 0.00","I","999.9","000000"
"48855099999","2015-08-16","16.043917","108.19937","10.05","DANANG INTERNATIONAL, VM","  85.5","24","  74.4","24","9999.9"," 0","999.9"," 0","  6.5","24","  4.3","24"," 11.1","999.9","  98.6","*","  77.0","*"," 0.00","I","999.9","000010"
"48855099999","2015-08-17","16.043917","108.19937","10.05","DANANG INTERNATIONAL, VM","  87.7","24","  74.9","24","9999.9"," 0","999.9"," 0","  6.5","24","  4.0","24"," 11.1","999.9","  98.6","*","  77.4"," "," 0.00","I","999.9","000000"
"48855099999","2015-08-18","16.043917","108.19937","10.05","DANANG INTERNATIONAL, VM","  87.4","24","  74.7","24","9999.9"," 0","999.9"," 0","  6.5","24","  4.1","24","  8.9","999.9","  98.6","*","  78.8","*"," 0.00","I","999.9","000000"
"48855099999","2015-08-19","16.043917","108.19937","10.05","DANANG INTERNATIONAL, VM","  85.8","24","  74.2","24","9999.9"," 0","999.9"," 0","  6.5","24","  4.8","24"," 12.0","999.9","  96.8","*","  75.2","*"," 0.00","I","999.9","000000"
"48855099999","2015-08-20","16.043917","108.19937","10.05","DANANG INTERNATIONAL, VM","  86.0","24","  74.8","24","9999.9"," 0","999.9"," 0","  6.5","24","  5.7","24"," 15.0","999.9","  98.6","*","  76.5"," "," 0.00","I","999.9","000000"
"48855099999","2015-08-21","16.043917","108.19937","10.05","DANANG INTERNATIONAL, VM","  87.2","24","  75.7","24","9999.9"," 0","999.9"," 0","  6.5","24","  4.7","24"," 12.0","999.9","  96.8","*","  77.7"," "," 0.00","I","999.9","000000"
"48855099999","2015-08-22","16.043917","108.19937","10.05","DANANG INTERNATIONAL, VM","  88.4","24","  76.1","24","9999.9"," 0","999.9"," 0","  6.4","24","  2.9","24","  8.0","999.9","  98.6","*","  80.6","*","99.99"," ","999.9","010010"
"48855099999","2015-08-23","16.043917","108.19937","10.05","DANANG INTERNATIONAL, VM","  86.0","24","  76.7","24","9999.9"," 0","999.9"," 0","  5.8","24","  3.0","24","  9.9","999.9","  97.2"," ","  78.8","*"," 1.61","G","999.9","010010"
"48855099999","2015-08-24","16.043917","108.19937","10.05","DANANG INTERNATIONAL, VM","  83.8","24","  75.5","24","9999.9"," 0","999.9"," 0","  6.2","24","  3.4","24"," 12.0","999.9","  98.1"," ","  76.5"," "," 0.66","G","999.9","010010"
"48855099999","2015-08-25","16.043917","108.19937","10.05","DANANG INTERNATIONAL, VM","  84.1","24","  75.8","24","9999.9"," 0","999.9"," 0","  6.5","24","  3.8","24"," 11.1","999.9","  95.0","*","  78.1"," "," 0.06","G","999.9","010000"
"48855099999","2015-08-26","16.043917","108.19937","10.05","DANANG INTERNATIONAL, VM","  82.5","24","  75.4","24","9999.9"," 0","999.9"," 0","  5.5","24","  3.4","24"," 14.0","999.9","  95.4"," ","  75.2","*"," 1.74","G","999.9","010010"
"48855099999","2015-08-27","16.043917","108.19937","10.05","DANANG INTERNATIONAL, VM","  82.1","24","  76.9","24","9999.9"," 0","999.9"," 0","  5.8","24","  2.5","24","  8.9","999.9","  93.2","*","  76.6"," "," 0.09","G","999.9","010010"
"48855099999","2015-08-28","16.043917","108.19937","10.05","DANANG INTERNATIONAL, VM","  84.4","24","  76.1","24","9999.9"," 0","999.9"," 0","  5.6","24","  2.5","24","  8.0"," 14.0","  95.0","*","  77.9"," "," 0.83","G","999.9","010010"
"48855099999","2015-08-29","16.043917","108.19937","10.05","DANANG INTERNATIONAL, VM","  85.2","24","  77.0","24","9999.9"," 0","999.9"," 0","  6.3","24","  3.6","24"," 15.0","999.9","  96.8","*","  78.8","*"," 0.05","G","999.9","010000"
"48855099999","2015-08-30","16.043917","108.19937","10.05","DANANG INTERNATIONAL, VM","  84.0","24","  76.4","24","9999.9"," 0","999.9"," 0","  5.7","24","  3.5","24"," 11.1","999.9","  95.0","*","  78.8","*"," 0.39","G","999.9","010010"
"48855099999","2015-08-31","16.043917","108.19937","10.05","DANANG INTERNATIONAL, VM","  84.8","24","  76.3","24","9999.9"," 0","999.9"," 0","  6.2","24","  2.5","24","  8.0","999.9","  91.8","*","  78.8"," "," 0.53","G","999.9","000000"
"48855099999","2015-09-01","16.043917","108.19937","10.05","DANANG INTERNATIONAL, VM","  84.1","24","  74.4","24","9999.9"," 0","999.9"," 0","  6.5","24","  3.1","24","  7.0","999.9","  91.4","*","  78.8","*"," 0.00","G","999.9","000000"
"48855099999","2015-09-02","16.043917","108.19937","10.05","DANANG INTERNATIONAL, VM","  84.4","24","  75.8","24","9999.9"," 0","999.9"," 0","  6.5","24","  3.7","24"," 11.1","999.9","  93.2","*","  77.0","*"," 0.00","G","999.9","010010"
"48855099999","2015-09-03","16.043917","108.19937","10.05","DANANG INTERNATIONAL, VM","  82.7","24","  75.9","24","9999.9"," 0","999.9"," 0","  6.3","24","  3.4","23","  8.9","999.9","  95.0","*","  77.0","*"," 0.41","G","999.9","010010"
"48855099999","2015-09-04","16.043917","108.19937","10.05","DANANG INTERNATIONAL, VM","  82.2"," 8","  75.6"," 8","1011.5"," 8","010.7"," 8"," 12.4"," 8","  2.5"," 7","  7.8","999.9","  90.5","*","  75.0","*"," 0.00","G","999.9","000000"
"48855099999","2015-09-05","16.043917","108.19937","10.05","DANANG INTERNATIONAL, VM","  84.0","23","  74.4","23","9999.9"," 0","999.9"," 0","  6.1","23","  3.6","22","  7.0","999.9","  93.2","*","  75.0"," "," 0.00","I","999.9","000000"
"48855099999","2015-09-06","16.043917","108.19937","10.05","DANANG INTERNATIONAL, VM","  86.8","24","  75.7","24","9999.9"," 0","999.9"," 0","  6.5","24","  2.7","24","  8.0","999.9","  96.8","*","  76.8"," "," 0.00","I","999.9","000010"
"48855099999","2015-09-07","16.043917","108.19937","10.05","DANANG INTERNATIONAL, VM","  86.2","24","  74.7","24","9999.9"," 0","999.9"," 0","  6.5","24","  3.1","24","  8.0","999.9","  98.6","*","  77.0","*"," 0.00","I","999.9","000000"
"48855099999","2015-09-08","16.043917","108.19937","10.05","DANANG INTERNATIONAL, VM","  87.0","24","  77.7","24","9999.9"," 0","999.9"," 0","  6.5","24","  3.4","24","  8.9","999.9","  96.8","*","  78.8"," "," 0.00","I","999.9","000000"
"48855099999","2015-09-09","16.043917","108.19937","10.05","DANANG INTERNATIONAL, VM","  85.8","24","  76.9","24","9999.9"," 0","999.9"," 0","  5.9","24","  4.8","24","  9.9","999.9","  93.2","*","  77.0","*"," 0.01","A","999.9","010010"
"48855099999","2015-09-10","16.043917","108.19937","10.05","DANANG INTERNATIONAL, VM","  82.3","24","  76.8","24","9999.9"," 0","999.9"," 0","  6.3","24","  2.9","23","  6.0","999.9","  89.6","*","  77.0","*"," 0.34","G","999.9","010010"
"48855099999","2015-09-11","16.043917","108.19937","10.05","DANANG INTERNATIONAL, VM","  83.0","24","  76.5","24","9999.9"," 0","999.9"," 0","  6.1","24","  3.7","24","  8.9","999.9","  89.6","*","  77.0","*"," 1.09","G","999.9","000000"
"48855099999","2015-09-12","16.043917","108.19937","10.05","DANANG INTERNATIONAL, VM","  83.5","24","  76.2","24","9999.9"," 0","999.9"," 0","  5.2","24","  6.1","24"," 14.0","999.9","  89.6","*","  75.2","*"," 0.00","G","999.9","010010"
"48855099999","2015-09-13","16.043917","108.19937","10.05","DANANG INTERNATIONAL, VM","  80.3","24","  75.0","24","9999.9"," 0","999.9"," 0","  3.8","24","  6.5","24"," 17.1"," 21.0","  91.4","*","  75.0","*"," 1.09","G","999.9","010000"
"48855099999","2015-09-14","16.043917","108.19937","10.05","DANANG INTERNATIONAL, VM","  79.1","24","  77.1","24","9999.9"," 0","999.9"," 0","  2.6","24"," 15.1","24"," 28.0"," 40.0","  82.4","*","  75.2"," "," 8.46","G","999.9","010000"
"48855099999","2015-09-15","16.043917","108.19937","10.05","DANANG INTERNATIONAL, VM","  79.7","24","  76.6","24","9999.9"," 0","999.9"," 0","  3.9","24","  4.5","24","  9.9"," 22.0","  89.6","*","  75.2","*"," 2.70","G","999.9","010010"
"48855099999","2015-09-16","16.043917","108.19937","10.05","DANANG INTERNATIONAL, VM","  80.9","24","  76.2","24","9999.9"," 0","999.9"," 0","  4.6","24","  4.5","24","  9.9","999.9","  87.8","*","  75.2","*"," 1.35","G","999.9","010000"
"48855099999","2015-09-17","16.043917","108.19937","10.05","DANANG INTERNATIONAL, VM","  82.0","24","  77.4","24","9999.9"," 0","999.9"," 0","  4.7","24","  3.1","24","  8.0","999.9","  87.8","*","  77.0","*"," 0.80","G","999.9","000000"
"48855099999","2015-09-18","16.043917","108.19937","10.05","DANANG INTERNATIONAL, VM","  84.5","24","  77.0","24","9999.9"," 0","999.9"," 0","  6.1","24","  3.6","24","  8.9","999.9","  93.2","*","  77.0","*"," 0.00","G","999.9","010000"
"48855099999","2015-09-19","16.043917","108.19937","10.05","DANANG INTERNATIONAL, VM","  84.7","24","  76.8","24","9999.9"," 0","999.9"," 0","  6.4","24","  3.0","24","  8.0","999.9","  91.4","*","  77.0","*"," 0.11","G","999.9","000000"
"48855099999","2015-09-20","16.043917","108.19937","10.05","DANANG INTERNATIONAL, VM","  84.7","24","  76.5","24","9999.9"," 0","999.9"," 0","  6.4","24","  3.2","24","  7.0","999.9","  91.4","*","  77.0","*"," 0.00","G","999.9","000000"
"48855099999","2015-09-21","16.043917","108.19937","10.05","DANANG INTERNATIONAL, VM","  83.3","24","  76.2","24","9999.9"," 0","999.9"," 0","  5.6","24","  4.6","24","  8.9","999.9","  93.2","*","  75.2","*"," 0.00","I","999.9","000000"
"48855099999","2015-09-22","16.043917","108.19937","10.05","DANANG INTERNATIONAL, VM","  85.2","24","  77.4","24","9999.9"," 0","999.9"," 0","  6.3","24","  4.2","24","  8.9","999.9","  93.2","*","  76.1"," "," 0.00","I","999.9","000000"
"48855099999","2015-09-23","16.043917","108.19937","10.05","DANANG INTERNATIONAL, VM","  84.0","24","  76.7","24","9999.9"," 0","999.9"," 0","  6.4","24","  4.6","24"," 11.1","999.9","  91.4","*","  77.0","*"," 0.00","I","999.9","000010"
"48855099999","2015-09-24","16.043917","108.19937","10.05","DANANG INTERNATIONAL, VM","  85.8","24","  76.4","24","9999.9"," 0","999.9"," 0","  6.4","24","  3.2","24"," 13.0","999.9","  95.0","*","  77.0"," "," 0.00","I","999.9","000000"
"48855099999","2015-09-25","16.043917","108.19937","10.05","DANANG INTERNATIONAL, VM","  87.5","24","  76.2","24","9999.9"," 0","999.9"," 0","  6.5","23","  3.2","24","  8.9","999.9","  95.0","*","  78.8","*"," 0.00","I","999.9","000000"
"48855099999","2015-09-26","16.043917","108.19937","10.05","DANANG INTERNATIONAL, VM","  85.2","24","  76.0","24","9999.9"," 0","999.9"," 0","  6.4","24","  4.3","24","  8.9","999.9","  95.0","*","  75.2","*"," 0.00","I","999.9","000000"
"48855099999","2015-09-27","16.043917","108.19937","10.05","DANANG INTERNATIONAL, VM","  85.7","24","  75.7","24","9999.9"," 0","999.9"," 0","  6.2","24","  3.2","24","  8.9","999.9","  95.0","*","  76.6"," "," 0.00","I","999.9","000000"
"48855099999","2015-09-28","16.043917","108.19937","10.05","DANANG INTERNATIONAL, VM","  85.9","24","  77.6","24","9999.9"," 0","999.9"," 0","  6.4","24","  4.6","24"," 12.0","999.9","  92.7","*","  78.1"," "," 0.00","I","999.9","000010"
"48855099999","2015-09-29","16.043917","108.19937","10.05","DANANG INTERNATIONAL, VM","  84.8","24","  76.4","24","9999.9"," 0","999.9"," 0","  6.0","24","  4.9","24"," 13.0","999.9","  93.2","*","  78.8","*"," 0.00","G","999.9","000000"
"48855099999","2015-09-30","16.043917","108.19937","10.05","DANANG INTERNATIONAL, VM","  85.6","24","  76.2","24","9999.9"," 0","999.9"," 0","  4.9","24","  3.9","24","  9.9","999.9","  93.9","*","  78.8","*"," 0.00","G","999.9","010000"
"48855099999","2015-10-01","16.043917","108.19937","10.05","DANANG INTERNATIONAL, VM","  84.1","24","  77.8","24","9999.9"," 0","999.9"," 0","  4.7","24","  4.7","24"," 13.0","999.9","  91.4","*","  77.0","*"," 0.14","G","999.9","010000"
"48855099999","2015-10-02","16.043917","108.19937","10.05","DANANG INTERNATIONAL, VM","  81.4","24","  77.4","24","9999.9"," 0","999.9"," 0","  4.3","24","  3.2","24"," 11.1","999.9","  89.6","*","  77.0","*"," 0.34","G","999.9","010010"
"48855099999","2015-10-03","16.043917","108.19937","10.05","DANANG INTERNATIONAL, VM","  81.5","24","  76.1","24","9999.9"," 0","999.9"," 0","  4.7","24","  4.6","24"," 15.9","999.9","  89.6","*","  77.0","*"," 0.06","G","999.9","010000"
"48855099999","2015-10-04","16.043917","108.19937","10.05","DANANG INTERNATIONAL, VM","  81.5","24","  75.6","24","9999.9"," 0","999.9"," 0","  4.0","24","  2.8","24","  6.0","999.9","  86.0","*","  77.0","*"," 0.00","G","999.9","010010"
"48855099999","2015-10-05","16.043917","108.19937","10.05","DANANG INTERNATIONAL, VM","  80.5","24","  75.3","24","9999.9"," 0","999.9"," 0","  4.8","24","  3.3","24","  9.9","999.9","  91.6"," ","  64.4","*"," 1.72","G","999.9","010010"
"48855099999","2015-10-06","16.043917","108.19937","10.05","DANANG INTERNATIONAL, VM","  81.0","24","  76.2","24","9999.9"," 0","999.9"," 0","  5.0","24","  4.1","24"," 11.1","999.9","  87.8","*","  75.2","*"," 0.04","G","999.9","010010"
"48855099999","2015-10-07","16.043917","108.19937","10.05","DANANG INTERNATIONAL, VM","  82.2","24","  77.0","24","9999.9"," 0","999.9"," 0","  5.9","24","  2.4","24","  6.0","999.9","  87.8","*","  77.0","*"," 0.36","G","999.9","010000"
"48855099999","2015-10-08","16.043917","108.19937","10.05","DANANG INTERNATIONAL, VM","  82.7","24","  75.3","24","9999.9"," 0","999.9"," 0","  4.9","24","  3.4","24","  8.9","999.9","  91.4","*","  75.2","*"," 0.02","G","999.9","000000"
"48855099999","2015-10-09","16.043917","108.19937","10.05","DANANG INTERNATIONAL, VM","  83.7","24","  76.2","24","9999.9"," 0","999.9"," 0","  5.7","24","  3.9","24","  8.0","999.9","  91.4","*","  76.3"," "," 0.00","G","999.9","000010"
"48855099999","2015-10-10","16.043917","108.19937","10.05","DANANG INTERNATIONAL, VM","  80.8","24","  75.0","24","9999.9"," 0","999.9"," 0","  5.0","24","  7.2","24"," 17.1","999.9","  91.4","*","  71.6","*"," 0.01","G","999.9","010010"
"48855099999","2015-10-11","16.043917","108.19937","10.05","DANANG INTERNATIONAL, VM","  75.0","24","  70.3","24","9999.9"," 0","999.9"," 0","  5.4","24","  3.9","24"," 11.1","999.9","  80.6","*","  71.6","*"," 3.83","G","999.9","010010"
"48855099999","2015-10-12","16.043917","108.19937","10.05","DANANG INTERNATIONAL, VM","  73.1","24","  70.9","24","9999.9"," 0","999.9"," 0","  5.0","24","  1.4","24","  4.1","999.9","  75.9","*","  68.0","*"," 3.88","G","999.9","010010"
"48855099999","2015-10-13","16.043917","108.19937","10.05","DANANG INTERNATIONAL, VM","  77.0","24","  71.7","24","9999.9"," 0","999.9"," 0","  5.7","24","  3.2","24"," 11.1","999.9","  82.4","*","  71.6","*"," 0.06","G","999.9","010000"
"48855099999","2015-10-14","16.043917","108.19937","10.05","DANANG INTERNATIONAL, VM","  80.5","24","  74.7","24","9999.9"," 0","999.9"," 0","  5.3","24","  5.7","24"," 12.0","999.9","  87.8","*","  74.3"," "," 0.06","G","999.9","010010"
"48855099999","2015-10-15","16.043917","108.19937","10.05","DANANG INTERNATIONAL, VM","  75.4","24","  72.6","24","9999.9"," 0","999.9"," 0","  2.7","24","  2.9","24","  8.0","999.9","  80.6","*","  69.8","*"," 3.48","G","999.9","010000"
"48855099999","2015-10-16","16.043917","108.19937","10.05","DANANG INTERNATIONAL, VM","  78.5","24","  71.7","24","9999.9"," 0","999.9"," 0","  3.2","24","  3.3","24","  8.9","999.9","  86.4","*","  69.8","*"," 0.00","G","999.9","000000"
"48855099999","2015-10-17","16.043917","108.19937","10.05","DANANG INTERNATIONAL, VM","  78.7","24","  70.3","24","9999.9"," 0","999.9"," 0","  2.7","24","  3.1","24"," 11.1","999.9","  87.8","*","  69.8","*"," 0.00","I","999.9","000000"
"48855099999","2015-10-18","16.043917","108.19937","10.05","DANANG INTERNATIONAL, VM","  77.6","24","  69.0","24","9999.9"," 0","999.9"," 0","  3.0","24","  4.6","24"," 13.0","999.9","  86.4","*","  68.0","*"," 0.00","I","999.9","000000"
"48855099999","2015-10-19","16.043917","108.19937","10.05","DANANG INTERNATIONAL, VM","  77.3","24","  67.2","24","9999.9"," 0","999.9"," 0","  3.3","24","  4.3","24"," 14.0","999.9","  87.8","*","  68.0","*"," 0.00","I","999.9","000000"
"48855099999","2015-10-20","16.043917","108.19937","10.05","DANANG INTERNATIONAL, VM","  78.2","24","  67.5","24","9999.9"," 0","999.9"," 0","  3.4","24","  4.2","24"," 14.0","999.9","  89.6","*","  68.0","*"," 0.00","I","999.9","000000"
"48855099999","2015-10-21","16.043917","108.19937","10.05","DANANG INTERNATIONAL, VM","  79.5","24","  71.5","24","9999.9"," 0","999.9"," 0","  3.4","24","  4.6","24"," 14.0","999.9","  87.8","*","  69.1"," "," 0.00","I","999.9","000000"
"48855099999","2015-10-22","16.043917","108.19937","10.05","DANANG INTERNATIONAL, VM","  80.8","24","  72.6","24","9999.9"," 0","999.9"," 0","  2.9","24","  4.0","24"," 13.0","999.9","  87.8","*","  72.7"," "," 0.00","I","999.9","000000"
"48855099999","2015-10-23","16.043917","108.19937","10.05","DANANG INTERNATIONAL, VM","  79.4","24","  71.5","24","9999.9"," 0","999.9"," 0","  4.6","24","  2.5","24","  7.0","999.9","  87.8","*","  71.6","*"," 0.00","I","999.9","000000"
"48855099999","2015-10-24","16.043917","108.19937","10.05","DANANG INTERNATIONAL, VM","  80.1","24","  72.7","24","9999.9"," 0","999.9"," 0","  3.7","24","  3.4","24"," 11.1","999.9","  87.8","*","  72.7"," "," 0.00","I","999.9","000000"
"48855099999","2015-10-25","16.043917","108.19937","10.05","DANANG INTERNATIONAL, VM","  79.4","24","  73.7","24","9999.9"," 0","999.9"," 0","  4.7","24","  2.4","24","  8.9","999.9","  89.6","*","  73.4","*"," 0.00","G","999.9","010000"
"48855099999","2015-10-26","16.043917","108.19937","10.05","DANANG INTERNATIONAL, VM","  80.3","24","  74.1","24","9999.9"," 0","999.9"," 0","  5.8","24","  2.5","24","  8.9","999.9","  87.8","*","  73.4","*"," 0.00","G","999.9","000000"
"48855099999","2015-10-27","16.043917","108.19937","10.05","DANANG INTERNATIONAL, VM","  80.0","24","  74.3","24","9999.9"," 0","999.9"," 0","  6.4","24","  2.0","24","  6.0","999.9","  87.8","*","  71.6","*"," 0.00","I","999.9","000000"
"48855099999","2015-10-28","16.043917","108.19937","10.05","DANANG INTERNATIONAL, VM","  82.7","24","  74.5","24","9999.9"," 0","999.9"," 0","  6.4","24","  3.0","24","  7.0","999.9","  89.6","*","  74.1"," "," 0.00","I","999.9","000000"
"48855099999","2015-10-29","16.043917","108.19937","10.05","DANANG INTERNATIONAL, VM","  83.1","24","  75.6","24","9999.9"," 0","999.9"," 0","  6.4","24","  2.5","23","  6.0","999.9","  89.6","*","  75.0"," ","99.99"," ","999.9","010000"
"48855099999","2015-10-30","16.043917","108.19937","10.05","DANANG INTERNATIONAL, VM","  82.6"," 8","  74.4"," 8","1015.8"," 8","015.0"," 8"," 10.9"," 8","  2.8"," 7","  5.8","999.9","  87.8","*","  77.4","*"," 0.07","G","999.9","000000"
"48855099999","2015-10-31","16.043917","108.19937","10.05","DANANG INTERNATIONAL, VM","  80.6"," 8","  74.1"," 8","1016.2"," 8","015.4"," 8","  5.7"," 8","  2.8"," 7","  5.8","999.9","  86.4","*","  75.2","*"," 0.00","G","999.9","010000"
"48855099999","2015-11-01","16.043917","108.19937","10.05","DANANG INTERNATIONAL, VM","  80.0"," 8","  74.6"," 8","1016.3"," 8","015.5"," 8","  6.2"," 8","  3.9"," 7","  7.8","999.9","  81.9","*","  74.5"," "," 2.07","G","999.9","010000"
"48855099999","2015-11-02","16.043917","108.19937","10.05","DANANG INTERNATIONAL, VM","  78.3","21","  71.8","21","9999.9"," 0","999.9"," 0","  3.8","21","  5.5","21"," 12.0","999.9","  83.1"," ","  73.4","*"," 0.09","G","999.9","010000"
"48855099999","2015-11-03","16.043917","108.19937","10.05","DANANG INTERNATIONAL, VM","  80.2","24","  74.0","24","9999.9"," 0","999.9"," 0","  4.1","24","  6.0","24"," 12.0","999.9","  84.2","*","  74.7"," "," 0.00","G","999.9","010000"
"48855099999","2015-11-04","16.043917","108.19937","10.05","DANANG INTERNATIONAL, VM","  78.1","24","  75.7","24","9999.9"," 0","999.9"," 0","  3.1","24","  4.9","24"," 12.0","999.9","  82.4","*","  75.2","*"," 2.15","G","999.9","010010"
"48855099999","2015-11-05","16.043917","108.19937","10.05","DANANG INTERNATIONAL, VM","  75.1","24","  73.6","24","9999.9"," 0","999.9"," 0","  2.3","24","  4.1","24"," 11.1","999.9","  77.0","*","  73.4","*"," 3.92","G","999.9","010000"
"48855099999","2015-11-06","16.043917","108.19937","10.05","DANANG INTERNATIONAL, VM","  77.5","24","  74.4","24","9999.9"," 0","999.9"," 0","  3.4","24","  0.9","24","  5.1","999.9","  82.4","*","  73.4","*"," 1.88","G","999.9","010000"
"48855099999","2015-11-07","16.043917","108.19937","10.05","DANANG INTERNATIONAL, VM","  81.0","24","  74.7","24","9999.9"," 0","999.9"," 0","  5.3","24","  3.1","24","  6.0","999.9","  87.8","*","  75.2","*"," 0.04","G","999.9","010000"
"48855099999","2015-11-08","16.043917","108.19937","10.05","DANANG INTERNATIONAL, VM","  81.4","24","  74.9","24","9999.9"," 0","999.9"," 0","  5.1","24","  2.1","24","  7.0","999.9","  87.8","*","  75.2","*"," 0.07","G","999.9","010000"
"48855099999","2015-11-09","16.043917","108.19937","10.05","DANANG INTERNATIONAL, VM","  80.8","24","  73.8","24","9999.9"," 0","999.9"," 0","  5.7","24","  2.7","24","  8.0","999.9","  86.0","*","  75.2","*"," 0.95","G","999.9","010000"
"48855099999","2015-11-10","16.043917","108.19937","10.05","DANANG INTERNATIONAL, VM","  79.6","24","  73.6","24","9999.9"," 0","999.9"," 0","  5.4","24","  2.7","24","  8.0","999.9","  85.5","*","  75.2","*"," 0.00","G","999.9","010000"
"48855099999","2015-11-11","16.043917","108.19937","10.05","DANANG INTERNATIONAL, VM","  80.8","24","  74.9","24","9999.9"," 0","999.9"," 0","  5.8","24","  2.7","24","  7.0","999.9","  87.8","*","  75.2","*"," 0.26","G","999.9","010000"
"48855099999","2015-11-12","16.043917","108.19937","10.05","DANANG INTERNATIONAL, VM","  79.0","24","  74.8","24","9999.9"," 0","999.9"," 0","  5.0","24","  1.8","24","  8.0","999.9","  86.0","*","  73.4","*"," 0.33","G","999.9","010000"
"48855099999","2015-11-13","16.043917","108.19937","10.05","DANANG INTERNATIONAL, VM","  81.9","24","  75.3","24","9999.9"," 0","999.9"," 0","  6.1","24","  3.4","24","  8.0","999.9","  87.8","*","  75.0"," "," 0.00","G","999.9","000000"
"48855099999","2015-11-14","16.043917","108.19937","10.05","DANANG INTERNATIONAL, VM","  81.8","24","  75.6","24","9999.9"," 0","999.9"," 0","  5.9","24","  3.3","24","  8.9","999.9","  89.6","*","  75.2","*"," 0.00","G","999.9","010000"
"48855099999","2015-11-15","16.043917","108.19937","10.05","DANANG INTERNATIONAL, VM","  82.2","24","  75.9","24","9999.9"," 0","999.9"," 0","  6.4","24","  4.2","24","  9.9","999.9","  89.6","*","  75.2","*"," 0.08","G","999.9","000000"
"48855099999","2015-11-16","16.043917","108.19937","10.05","DANANG INTERNATIONAL, VM","  82.0","24","  75.3","24","9999.9"," 0","999.9"," 0","  5.8","24","  4.2","24","  8.9","999.9","  89.6","*","  75.2","*"," 0.00","G","999.9","000000"
"48855099999","2015-11-17","16.043917","108.19937","10.05","DANANG INTERNATIONAL, VM","  82.3","24","  75.8","24","9999.9"," 0","999.9"," 0","  6.2","24","  3.5","24","  8.0","999.9","  91.4","*","  75.2","*"," 0.00","I","999.9","000000"
"48855099999","2015-11-18","16.043917","108.19937","10.05","DANANG INTERNATIONAL, VM","  82.4","24","  76.2","24","9999.9"," 0","999.9"," 0","  5.8","24","  3.6","24","  8.0","999.9","  91.4","*","  75.2","*"," 0.24","A","999.9","010010"
"48855099999","2015-11-19","16.043917","108.19937","10.05","DANANG INTERNATIONAL, VM","  81.9","24","  75.4","24","9999.9"," 0","999.9"," 0","  5.6","24","  3.0","24","  6.0","999.9","  89.6","*","  75.2","*"," 0.31","E","999.9","010000"
"48855099999","2015-11-20","16.043917","108.19937","10.05","DANANG INTERNATIONAL, VM","  80.7","24","  74.4","24","9999.9"," 0","999.9"," 0","  5.3","24","  3.7","24","  8.0","999.9","  87.8","*","  75.2","*"," 0.06","G","999.9","010000"
"48855099999","2015-11-21","16.043917","108.19937","10.05","DANANG INTERNATIONAL, VM","  77.9","24","  72.9","24","9999.9"," 0","999.9"," 0","  6.0","24","  2.7","24"," 12.0","999.9","  87.8","*","  73.4","*"," 0.04","G","999.9","010000"
"48855099999","2015-11-22","16.043917","108.19937","10.05","DANANG INTERNATIONAL, VM","  79.9","24","  74.0","24","9999.9"," 0","999.9"," 0","  6.1","24","  4.2","24"," 11.1","999.9","  87.8","*","  73.4"," "," 0.00","G","999.9","010000"
"48855099999","2015-11-23","16.043917","108.19937","10.05","DANANG INTERNATIONAL, VM","  81.1","24","  75.3","24","9999.9"," 0","999.9"," 0","  4.9","24","  4.7","24","  9.9","999.9","  86.0","*","  73.9"," "," 0.01","G","999.9","010000"
"48855099999","2015-11-24","16.043917","108.19937","10.05","DANANG INTERNATIONAL, VM","  82.7","24","  74.4","24","9999.9"," 0","999.9"," 0","  4.7","24","  6.9","24"," 13.0"," 15.9","  87.8","*","  78.3"," "," 0.01","G","999.9","010000"
"48855099999","2015-11-25","16.043917","108.19937","10.05","DANANG INTERNATIONAL, VM","  81.8","24","  73.0","24","9999.9"," 0","999.9"," 0","  4.9","24","  6.8","24"," 11.1","999.9","  86.0","*","  78.1"," "," 0.02","G","999.9","010000"
"48855099999","2015-11-26","16.043917","108.19937","10.05","DANANG INTERNATIONAL, VM","  79.6","24","  70.6","24","9999.9"," 0","999.9"," 0","  3.6","24","  8.0","24"," 13.0","999.9","  84.2","*","  75.2","*"," 0.01","G","999.9","010000"
"48855099999","2015-11-27","16.043917","108.19937","10.05","DANANG INTERNATIONAL, VM","  77.7","24","  71.7","24","9999.9"," 0","999.9"," 0","  3.9","24","  7.1","24"," 12.0","999.9","  80.6","*","  75.0","*"," 0.07","G","999.9","010000"
"48855099999","2015-11-28","16.043917","108.19937","10.05","DANANG INTERNATIONAL, VM","  77.7","24","  73.8","24","9999.9"," 0","999.9"," 0","  3.6","24","  4.3","24","  9.9","999.9","  84.2","*","  73.4","*"," 0.31","G","999.9","010000"
"48855099999","2015-11-29","16.043917","108.19937","10.05","DANANG INTERNATIONAL, VM","  80.4","24","  74.0","24","9999.9"," 0","999.9"," 0","  4.2","24","  4.7","24","  9.9","999.9","  86.0","*","  74.5"," "," 0.23","G","999.9","010000"
"48855099999","2015-11-30","16.043917","108.19937","10.05","DANANG INTERNATIONAL, VM","  79.7","24","  73.7","24","9999.9"," 0","999.9"," 0","  4.2","24","  4.4","24","  8.9","999.9","  85.1","*","  75.2","*"," 0.00","G","999.9","010000"
"48855099999","2015-12-01","16.043917","108.19937","10.05","DANANG INTERNATIONAL, VM","  79.2","24","  74.2","24","9999.9"," 0","999.9"," 0","  4.1","24","  3.3","24","  7.0","999.9","  84.2","*","  73.4","*"," 0.29","G","999.9","010000"
"48855099999","2015-12-02","16.043917","108.19937","10.05","DANANG INTERNATIONAL, VM","  80.3","24","  74.1","24","9999.9"," 0","999.9"," 0","  5.0","24","  3.3","24","  8.9","999.9","  87.8","*","  73.4","*"," 0.00","G","999.9","000000"
"48855099999","2015-12-03","16.043917","108.19937","10.05","DANANG INTERNATIONAL, VM","  80.4","24","  73.4","24","9999.9"," 0","999.9"," 0","  6.3","24","  3.1","24","  7.0","999.9","  87.8","*","  74.3"," "," 0.00","G","999.9","010000"
"48855099999","2015-12-04","16.043917","108.19937","10.05","DANANG INTERNATIONAL, VM","  79.3","24","  73.6","24","9999.9"," 0","999.9"," 0","  5.4","24","  3.6","24","  8.9","999.9","  86.0","*","  73.4","*"," 0.09","G","999.9","010000"
"48855099999","2015-12-05","16.043917","108.19937","10.05","DANANG INTERNATIONAL, VM","  78.6","24","  71.4","24","9999.9"," 0","999.9"," 0","  5.8","24","  6.3","24"," 15.9","999.9","  86.0","*","  73.4","*"," 0.05","G","999.9","000000"
"48855099999","2015-12-06","16.043917","108.19937","10.05","DANANG INTERNATIONAL, VM","  72.4","24","  70.0","24","9999.9"," 0","999.9"," 0","  3.4","24","  8.6","24"," 17.1","999.9","  76.1"," ","  69.8","*"," 0.57","G","999.9","010000"
"48855099999","2015-12-07","16.043917","108.19937","10.05","DANANG INTERNATIONAL, VM","  70.7","24","  68.1","24","9999.9"," 0","999.9"," 0","  4.8","24","  4.6","24"," 12.0","999.9","  73.4","*","  68.0","*"," 0.28","G","999.9","010000"
"48855099999","2015-12-08","16.043917","108.19937","10.05","DANANG INTERNATIONAL, VM","  73.7","24","  69.1","24","9999.9"," 0","999.9"," 0","  4.4","24","  3.0","24","  8.9","999.9","  80.6","*","  69.1"," "," 0.10","G","999.9","010000"
"48855099999","2015-12-09","16.043917","108.19937","10.05","DANANG INTERNATIONAL, VM","  76.2","24","  68.6","24","9999.9"," 0","999.9"," 0","  6.2","24","  4.2","23","  8.9","999.9","  82.4","*","  71.6"," "," 0.04","G","999.9","000000"
"48855099999","2015-12-10","16.043917","108.19937","10.05","DANANG INTERNATIONAL, VM","  77.8","24","  71.0","24","9999.9"," 0","999.9"," 0","  4.9","24","  5.5","24"," 13.0","999.9","  84.2","*","  72.7"," "," 0.00","G","999.9","000000"
"48855099999","2015-12-11","16.043917","108.19937","10.05","DANANG INTERNATIONAL, VM","  78.3","24","  72.9","24","9999.9"," 0","999.9"," 0","  4.9","24","  2.4","24","  7.0","999.9","  84.2","*","  73.4","*"," 0.00","I","999.9","000000"
"48855099999","2015-12-12","16.043917","108.19937","10.05","DANANG INTERNATIONAL, VM","  79.7","24","  73.6","24","9999.9"," 0","999.9"," 0","  6.1","24","  4.1","24","  9.9","999.9","  86.0","*","  73.4","*"," 0.00","I","999.9","000000"
"48855099999","2015-12-13","16.043917","108.19937","10.05","DANANG INTERNATIONAL, VM","  79.4","24","  73.7","24","9999.9"," 0","999.9"," 0","  6.1","24","  3.5","24","  8.9","999.9","  86.0","*","  73.4"," "," 0.00","I","999.9","000000"
"48855099999","2015-12-14","16.043917","108.19937","10.05","DANANG INTERNATIONAL, VM","  78.4","24","  72.1","24","9999.9"," 0","999.9"," 0","  5.3","24","  2.6","24","  7.0","999.9","  86.0","*","  71.6","*"," 0.00","I","999.9","000000"
"48855099999","2015-12-15","16.043917","108.19937","10.05","DANANG INTERNATIONAL, VM","  76.8","24","  72.3","24","9999.9"," 0","999.9"," 0","  4.2","24","  5.1","24"," 11.1","999.9","  82.4","*","  71.6","*"," 0.23","G","999.9","010000"
"48855099999","2015-12-16","16.043917","108.19937","10.05","DANANG INTERNATIONAL, VM","  71.0","24","  67.9","24","9999.9"," 0","999.9"," 0","  2.7","24","  8.2","24"," 15.0"," 21.0","  77.0"," ","  66.2","*"," 1.67","G","999.9","010000"
"48855099999","2015-12-17","16.043917","108.19937","10.05","DANANG INTERNATIONAL, VM","  66.2","24","  62.5","24","9999.9"," 0","999.9"," 0","  4.2","24","  7.2","24"," 15.9","999.9","  68.4","*","  62.6","*"," 2.61","G","999.9","010000"
"48855099999","2015-12-18","16.043917","108.19937","10.05","DANANG INTERNATIONAL, VM","  69.4","24","  64.1","24","9999.9"," 0","999.9"," 0","  4.4","24","  3.5","24","  6.0","999.9","  75.2","*","  63.5"," "," 0.03","G","999.9","010000"
"48855099999","2015-12-19","16.043917","108.19937","10.05","DANANG INTERNATIONAL, VM","  71.7","24","  66.3","24","9999.9"," 0","999.9"," 0","  4.0","24","  5.0","24","  8.9","999.9","  78.8","*","  67.6"," "," 0.02","G","999.9","010000"
"48855099999","2015-12-20","16.043917","108.19937","10.05","DANANG INTERNATIONAL, VM","  71.4","24","  68.1","24","9999.9"," 0","999.9"," 0","  3.0","24","  1.8","24","  6.0","999.9","  75.2","*","  69.6","*"," 0.05","G","999.9","010000"
"48855099999","2015-12-21","16.043917","108.19937","10.05","DANANG INTERNATIONAL, VM","  72.2","24","  69.7","24","9999.9"," 0","999.9"," 0","  3.5","24","  2.1","24","  7.0","999.9","  75.6","*","  69.6"," "," 0.12","G","999.9","010000"
"48855099999","2015-12-22","16.043917","108.19937","10.05","DANANG INTERNATIONAL, VM","  74.9","24","  70.9","24","9999.9"," 0","999.9"," 0","  4.5","24","  4.4","24"," 11.1","999.9","  82.4","*","  69.8","*"," 0.25","G","999.9","010000"
"48855099999","2015-12-23","16.043917","108.19937","10.05","DANANG INTERNATIONAL, VM","  76.7","24","  72.1","24","9999.9"," 0","999.9"," 0","  4.6","24","  2.2","24","  6.0","999.9","  87.8","*","  69.8"," "," 0.00","G","999.9","000000"
"48855099999","2015-12-24","16.043917","108.19937","10.05","DANANG INTERNATIONAL, VM","  79.6","24","  74.1","24","9999.9"," 0","999.9"," 0","  5.8","24","  3.1","24","  8.0","999.9","  87.8","*","  72.3"," "," 0.00","I","999.9","000000"
"48855099999","2015-12-25","16.043917","108.19937","10.05","DANANG INTERNATIONAL, VM","  77.6","24","  71.8","24","9999.9"," 0","999.9"," 0","  6.0","24","  4.1","24","  8.0","999.9","  84.2","*","  69.8","*"," 0.00","I","999.9","000000"
"48855099999","2015-12-26","16.043917","108.19937","10.05","DANANG INTERNATIONAL, VM","  73.9","24","  68.4","24","9999.9"," 0","999.9"," 0","  5.4","24","  4.3","24","  8.9","999.9","  77.0","*","  69.8","*"," 0.00","G","999.9","000000"
"48855099999","2015-12-27","16.043917","108.19937","10.05","DANANG INTERNATIONAL, VM","  75.6","24","  69.0","24","9999.9"," 0","999.9"," 0","  6.1","24","  5.3","24"," 13.0","999.9","  82.4","*","  69.8","*"," 0.00","G","999.9","000000"
"48855099999","2015-12-28","16.043917","108.19937","10.05","DANANG INTERNATIONAL, VM","  74.9","24","  69.4","24","9999.9"," 0","999.9"," 0","  5.3","24","  3.7","24"," 11.1","999.9","  82.4","*","  70.3"," "," 0.00","A","999.9","010000"
"48855099999","2015-12-29","16.043917","108.19937","10.05","DANANG INTERNATIONAL, VM","  72.3","24","  70.4","24","9999.9"," 0","999.9"," 0","  3.5","24","  2.5","24","  6.0","999.9","  75.2","*","  71.1"," "," 0.24","G","999.9","010000"
"48855099999","2015-12-30","16.043917","108.19937","10.05","DANANG INTERNATIONAL, VM","  73.1","24","  66.6","24","9999.9"," 0","999.9"," 0","  5.2","24","  6.5","24","  9.9","999.9","  80.6","*","  69.6","*"," 0.16","G","999.9","000000"
"48855099999","2015-12-31","16.043917","108.19937","10.05","DANANG INTERNATIONAL, VM","  71.9","24","  67.4","24","9999.9"," 0","999.9"," 0","  3.8","24","  5.3","24","  8.9","999.9","  75.2","*","  69.8"," "," 0.29","G","999.9","010000"
